Code Ville 1,Code Pays 1,Ville 1,Code Ville 2,Code Pays 2,Ville 2,Passagers 2000,Distance (km)
PUS,KORR,PUSAN,SEL,KORR,SEOUL **,6039947,337
FLL,UNST,FORT LAUDERDALE,NYC,UNST,NEW YORK **,5523884,1728
HKG,HONG,HONG KONG,TPE,TAIW,TAIPEI,5503393,805
CHI,UNST,CHICAGO **,NYC,UNST,NEW YORK **,5261996,1145
NYC,UNST,NEW YORK **,ORL,UNST,ORLANDO,5101102,1514
LAX,UNST,LOS ANGELES **,NYC,UNST,NEW YORK **,5064576,3953
BOS,UNST,BOSTON,NYC,UNST,NEW YORK **,5009576,306
CJU,KORR,CHEJU,SEL,KORR,SEOUL **,4878284,451
ATL,UNST,ATLANTA,NYC,UNST,NEW YORK **,4875728,1214
NYC,UNST,NEW YORK **,WAS,UNST,WASHINGTON **,4416318,346
LON,UNKG,LONDON **,NYC,UNST,NEW YORK **,4224695,5524
DUB,IRLD,DUBLIN,LON,UNKG,LONDON **,4086874,438
NYC,UNST,NEW YORK **,SFO,UNST,SAN FRANCISCO,3947664,4130
BCN,SPAN,BARCELONA,MAD,SPAN,MADRID **,3895029,484
LAS,UNST,LAS VEGAS,LAX,UNST,LOS ANGELES **,3692288,379
NCE,FRAN,NICE,PAR,FRAN,PARIS **,3396575,674
AMS,NETH,AMSTERDAM,LON,UNKG,LONDON **,3211514,401
LAX,UNST,LOS ANGELES **,OAK,UNST,OAKLAND,3132878,543
MRS,FRAN,MARSEILLE,PAR,FRAN,PARIS **,2989006,628
PAR,FRAN,PARIS **,TLS,FRAN,TOULOUSE,2982057,574
NYC,UNST,NEW YORK **,PBI,UNST,PALM BEACH,2935854,1661
LON,UNKG,LONDON **,PAR,FRAN,PARIS **,2923631,365
MIA,UNST,MIAMI **,NYC,UNST,NEW YORK **,2879834,1760
LAS,UNST,LAS VEGAS,NYC,UNST,NEW YORK **,2877710,3590
LAX,UNST,LOS ANGELES **,SFO,UNST,SAN FRANCISCO,2788222,544
CHI,UNST,CHICAGO **,LAX,UNST,LOS ANGELES **,2715870,2820
BKK,THAI,BANGKOK,HKG,HONG,HONG KONG,2664922,1712
ATL,UNST,ATLANTA,CHI,UNST,CHICAGO **,2622032,955
BOS,UNST,BOSTON,WAS,UNST,WASHINGTON **,2609158,653
CHI,UNST,CHICAGO **,DET,UNST,DETROIT **,2608366,356
NYC,UNST,NEW YORK **,TPA,UNST,"TAMPA, FL **",2579310,1621
CHI,UNST,CHICAGO **,MSP,UNST,MINNEAPOLIS,2521894,563
EDI,UNKG,EDINBURGH,LON,UNKG,LONDON **,2514905,543
LAX,UNST,LOS ANGELES **,PHX,UNST,PHOENIX,2460392,591
ATL,UNST,ATLANTA,WAS,UNST,WASHINGTON **,2458416,868
CHI,UNST,CHICAGO **,LAS,UNST,LAS VEGAS,2370694,2452
LAX,UNST,LOS ANGELES **,SJC,UNST,SAN JOSE,2319872,495
GLA,UNKG,GLASGOW **,LON,UNKG,LONDON **,2253314,559
SEL,KORR,SEOUL **,TYO,JAPN,TOKYO **,2243452,1178
KUL,MALB,KUALA LUMPUR,SIN,SING,SINGAPORE **,2192910,321
CHI,UNST,CHICAGO **,DAL,UNST,DALLAS **,2192674,1291
BKK,THAI,BANGKOK,SIN,SING,SINGAPORE **,2190258,1445
CHI,UNST,CHICAGO **,PHX,UNST,PHOENIX,2155066,2332
CHI,UNST,CHICAGO **,ORL,UNST,ORLANDO,2148600,1586
FRA,GERF,FRANKFURT,LON,UNKG,LONDON **,2066675,675
ATL,UNST,ATLANTA,DAL,UNST,DALLAS **,2057730,1172
LAS,UNST,LAS VEGAS,PHX,UNST,PHOENIX,2048078,410
SAN,UNST,SAN DIEGO,SFO,UNST,SAN FRANCISCO,2033994,719
LAX,UNST,LOS ANGELES **,SEA,UNST,SEATTLE,2017004,1537
HNL,UNST,HONOLULU,TYO,JAPN,TOKYO **,1998368,6187
HKG,HONG,HONG KONG,SIN,SING,SINGAPORE **,1992173,2580
CHI,UNST,CHICAGO **,SFO,UNST,SAN FRANCISCO,1991938,2986
CHI,UNST,CHICAGO **,WAS,UNST,WASHINGTON **,1972974,940
CHI,UNST,CHICAGO **,DEN,UNST,DENVER,1946408,1467
BWI,UNST,BALTIMORE,CHI,UNST,CHICAGO **,1934066,973
JKT,INDO,JAKARTA **,SIN,SING,SINGAPORE **,1928486,891
CHI,UNST,CHICAGO **,STL,UNST,ST LOUIS,1889872,417
OSA,JAPN,OSAKA **,PUS,KORR,PUSAN,1882578,575
HKG,HONG,HONG KONG,TYO,JAPN,TOKYO **,1874874,2874
JED,SAUD,JEDDAH,RUH,SAUD,RIYADH,1828000,846
LAS,UNST,LAS VEGAS,SFO,UNST,SAN FRANCISCO,1823416,664
CHI,UNST,CHICAGO **,CLE,UNST,CLEVELAND,1821924,483
SJC,UNST,SAN JOSE,SNA,UNST,ORANGE COUNT,1764482,549
TPE,TAIW,TAIPEI,TYO,JAPN,TOKYO **,1757905,2096
SEL,KORR,SEOUL **,TAE,KORR,TAEGU,1745358,264
BUR,UNST,BURBANK,OAK,UNST,OAKLAND,1737994,523
CHI,UNST,CHICAGO **,MKC,UNST,KANSAS CITY,1731112,662
SAN,UNST,SAN DIEGO,SJC,UNST,SAN JOSE,1723836,670
FRA,GERF,FRANKFURT,BER,GERF,BERLIN **,1723681,433
DEN,UNST,DENVER,NYC,UNST,NEW YORK **,1721958,2609
HOU,UNST,HOUSTON **,NYC,UNST,NEW YORK **,1712874,2286
ATL,UNST,ATLANTA,PHL,UNST,PHILADELPHIA,1712274,1072
ATL,UNST,ATLANTA,BOS,UNST,BOSTON,1710154,1520
CJU,KORR,CHEJU,PUS,KORR,PUSAN,1697282,306
LON,UNKG,LONDON **,MAN,UNKG,MANCHESTER,1670395,248
LAX,UNST,LOS ANGELES **,SMF,UNST,SACRAMENTO,1647314,580
LON,UNKG,LONDON **,MIL,ITAL,MILANO **,1646345,965
SEA,UNST,SEATTLE,SFO,UNST,SAN FRANCISCO,1639308,1093
LON,UNKG,LONDON **,ROM,ITAL,ROMA **,1637769,1448
BOD,FRAN,BORDEAUX,PAR,FRAN,PARIS **,1626800,493
OSA,JAPN,OSAKA **,SEL,KORR,SEOUL **,1622177,833
HOU,UNST,HOUSTON **,MSY,UNST,NEW ORLEANS,1609314,487
CHI,UNST,CHICAGO **,PHL,UNST,PHILADELPHIA,1609000,1064
BOS,UNST,BOSTON,CHI,UNST,CHICAGO **,1608278,1370
NYC,UNST,NEW YORK **,PAR,FRAN,PARIS **,1580455,5837
KWJ,KORR,KWANGJU,SEL,KORR,SEOUL **,1577133,270
LON,UNKG,LONDON **,MAD,SPAN,MADRID **,1574841,1222
AUS,UNST,AUSTIN,DAL,UNST,DALLAS **,1567694,301
BWI,UNST,BALTIMORE,PVD,UNST,PROVIDENCE,1565272,526
MAD,SPAN,MADRID **,PAR,FRAN,PARIS **,1565263,1031
BFS,UNKG,BELFAST **,LON,UNKG,LONDON **,1554076,505
OAK,UNST,OAKLAND,SNA,UNST,ORANGE COUNT,1548148,597
PHX,UNST,PHOENIX,SAN,UNST,SAN DIEGO,1547272,486
HKG,HONG,HONG KONG,MNL,PHIL,MANILA,1545992,1127
BOS,UNST,BOSTON,ORL,UNST,ORLANDO,1531898,1797
ATL,UNST,ATLANTA,ORL,UNST,ORLANDO,1528202,640
CHI,UNST,CHICAGO **,TPA,UNST,"TAMPA, FL **",1521136,1612
HKG,HONG,HONG KONG,SHA,CHIN,SHANGHAI **,1508043,1234
FRA,GERF,FRANKFURT,MUC,GERF,MUNICH,1497872,311
DEN,UNST,DENVER,LAX,UNST,LOS ANGELES **,1490778,1363
LAS,UNST,LAS VEGAS,SAN,UNST,SAN DIEGO,1472974,416
CHI,UNST,CHICAGO **,LON,UNKG,LONDON **,1471624,6318
FRA,GERF,FRANKFURT,HAM,GERF,HAMBURG,1468043,412
LAX,UNST,LOS ANGELES **,LON,UNKG,LONDON **,1463087,8748
LON,UNKG,LONDON **,STO,SWED,STOCKHOLM **,1463013,1477
OAK,UNST,OAKLAND,SAN,UNST,SAN DIEGO,1458600,718
LAS,UNST,LAS VEGAS,SEA,UNST,SEATTLE,1452864,1393
SAN,UNST,SAN DIEGO,SMF,UNST,SACRAMENTO,1443686,751
BCN,SPAN,BARCELONA,PMI,SPAN,PALMA DE MALLORCA,1437159,202
MUC,GERF,MUNICH,BER,GERF,BERLIN **,1436681,498
LAX,UNST,LOS ANGELES **,TYO,JAPN,TOKYO **,1411672,8809
ATL,UNST,ATLANTA,TPA,UNST,"TAMPA, FL **",1406584,657
MAD,SPAN,MADRID **,PMI,SPAN,PALMA DE MALLORCA,1405959,546
OAK,UNST,OAKLAND,SEA,UNST,SEATTLE,1404146,1082
DEN,UNST,DENVER,DAL,UNST,DALLAS **,1401874,1032
HKG,HONG,HONG KONG,PUS,KORR,PUSAN,1395921,2032
DEN,UNST,DENVER,SFO,UNST,SAN FRANCISCO,1388466,1534
HKG,HONG,HONG KONG,SEL,KORR,SEOUL **,1388023,2077
MSP,UNST,MINNEAPOLIS,NYC,UNST,NEW YORK **,1386740,1629
BRU,BELG,BRUSSELS,LON,UNKG,LONDON **,1384130,372
DUS,GERF,DUSSELDORF,MUC,GERF,MUNICH,1381829,499
MPL,FRAN,MONTPELLIER,PAR,FRAN,PARIS **,1378647,585
CHI,UNST,CHICAGO **,FLL,UNST,FORT LAUDERDALE,1375754,1884
LAX,UNST,LOS ANGELES **,SLC,UNST,SALT LAKE CITY,1375670,949
ORL,UNST,ORLANDO,WAS,UNST,WASHINGTON **,1373146,1211
BKK,THAI,BANGKOK,TPE,TAIW,TAIPEI,1370048,2513
CHI,UNST,CHICAGO **,HOU,UNST,HOUSTON **,1368776,1522
MAD,SPAN,MADRID **,TCI,SPNA,TENERIFE **,1365956,1797
LON,UNKG,LONDON **,MUC,GERF,MUNICH,1358334,964
SEA,UNST,SEATTLE,SJC,UNST,SAN JOSE,1357816,1123
BOS,UNST,BOSTON,SFO,UNST,SAN FRANCISCO,1357430,4339
LAX,UNST,LOS ANGELES **,WAS,UNST,WASHINGTON **,1356712,3691
LAS,UNST,LAS VEGAS,SJC,UNST,SAN JOSE,1346176,617
ORL,UNST,ORLANDO,PHL,UNST,PHILADELPHIA,1343366,1380
NYC,UNST,NEW YORK **,YTO,CAND,TORONTO,1338166,568
BUR,UNST,BURBANK,LAS,UNST,LAS VEGAS,1337840,357
PAR,FRAN,PARIS **,ROM,ITAL,ROMA **,1327788,1088
BKK,THAI,BANGKOK,TYO,JAPN,TOKYO **,1315418,4581
SEL,KORR,SEOUL **,USN,KORR,ULSAN,1314919,315
GEG,UNST,SPOKANE,SEA,UNST,SEATTLE,1314284,358
CPH,DENM,COPENHAGEN **,LON,UNKG,LONDON **,1307910,1010
BUF,UNST,BUFFALO,NYC,UNST,NEW YORK **,1303800,462
LON,UNKG,LONDON **,YTO,CAND,TORONTO,1302010,5688
GOT,SWED,GOTEBORG **,STO,SWED,STOCKHOLM **,1300255,379
LON,UNKG,LONDON **,ZRH,SWTZ,ZURICH,1292008,801
MIL,ITAL,MILANO **,NAP,ITAL,NAPOLI,1280805,671
AGP,SPAN,MALAGA,LON,UNKG,LONDON **,1272592,1652
PHX,UNST,PHOENIX,SEA,UNST,SEATTLE,1269766,1780
ATH,GREC,ATHENS,SKG,GREC,THESSALONIKI,1269100,298
HAM,GERF,HAMBURG,MUC,GERF,MUNICH,1267990,623
DUS,GERF,DUSSELDORF,PMI,SPAN,PALMA DE MALLORCA,1254221,1340
GVA,SWTZ,GENEVA,LON,UNKG,LONDON **,1250956,758
ATL,UNST,ATLANTA,FLL,UNST,FORT LAUDERDALE,1247720,937
NYC,UNST,NEW YORK **,RDU,UNST,RALEIGH/DURHAM,1211218,685
FRA,GERF,FRANKFURT,NYC,UNST,NEW YORK **,1208306,6190
PHX,UNST,PHOENIX,SFO,UNST,SAN FRANCISCO,1204882,1044
BOS,UNST,BOSTON,PHL,UNST,PHILADELPHIA,1204864,449
HEL,FINL,HELSINKI,STO,SWED,STOCKHOLM **,1202473,406
BWI,UNST,BALTIMORE,MHT,UNST,MANCHESTER,1194014,606
CPH,DENM,COPENHAGEN **,STO,SWED,STOCKHOLM **,1187416,522
MIL,ITAL,MILANO **,PAR,FRAN,PARIS **,1186254,613
PAR,FRAN,PARIS **,SXB,FRAN,STRASBOURG,1183539,386
DEN,UNST,DENVER,PHX,UNST,PHOENIX,1179044,949
MMA,SWED,MALMO,STO,SWED,STOCKHOLM **,1176684,508
BUR,UNST,BURBANK,SMF,UNST,SACRAMENTO,1176134,556
NYC,UNST,NEW YORK **,PHX,UNST,PHOENIX,1175962,3441
ATL,UNST,ATLANTA,MIA,UNST,MIAMI **,1174940,960
BOS,UNST,BOSTON,FLL,UNST,FORT LAUDERDALE,1171990,1995
ATL,UNST,ATLANTA,HOU,UNST,HOUSTON **,1169244,1119
BOS,UNST,BOSTON,LAX,UNST,LOS ANGELES **,1166766,4190
LAX,UNST,LOS ANGELES **,PDX,UNST,PORTLAND,1165082,1343
PAR,FRAN,PARIS **,PTP,GUAD,POINTE A PITRE,1162829,6748
SFO,UNST,SAN FRANCISCO,SNA,UNST,ORANGE COUNT,1162042,599
MSP,UNST,MINNEAPOLIS,PHX,UNST,PHOENIX,1160390,2053
BOS,UNST,BOSTON,LON,UNKG,LONDON **,1149437,5218
HFD,UNST,HARTFORD SPRINGFIELDS,ORL,UNST,ORLANDO,1147528,1682
LAS,UNST,LAS VEGAS,OAK,UNST,OAKLAND,1145346,652
PDX,UNST,PORTLAND,SJC,UNST,SAN JOSE,1143960,917
FRA,GERF,FRANKFURT,PAR,FRAN,PARIS **,1135209,470
LON,UNKG,LONDON **,SFO,UNST,SAN FRANCISCO,1131385,8608
SIN,SING,SINGAPORE **,TYO,JAPN,TOKYO **,1128323,5296
BWI,UNST,BALTIMORE,ORL,UNST,ORLANDO,1118522,1258
ATL,UNST,ATLANTA,DET,UNST,DETROIT **,1113944,957
AGP,SPAN,MALAGA,MAD,SPAN,MADRID **,1113006,430
CTA,ITAL,CATANIA,MIL,ITAL,MILANO **,1112572,1028
ATL,UNST,ATLANTA,LAX,UNST,LOS ANGELES **,1110742,3122
DEN,UNST,DENVER,MSP,UNST,MINNEAPOLIS,1106628,1114
LAS,UNST,LAS VEGAS,RNO,UNST,RENO,1102206,554
BWI,UNST,BALTIMORE,LAX,UNST,LOS ANGELES **,1083730,3737
LON,UNKG,LONDON **,PMI,SPAN,PALMA DE MALLORCA,1083042,1334
ATL,UNST,ATLANTA,RDU,UNST,RALEIGH/DURHAM,1081494,571
SAN,UNST,SAN DIEGO,SEA,UNST,SEATTLE,1074488,1691
LON,UNKG,LONDON **,WAS,UNST,WASHINGTON **,1065629,5870
FDF,MART,FORT DE FRANCE,PAR,FRAN,PARIS **,1062889,6848
BCN,SPAN,BARCELONA,LON,UNKG,LONDON **,1059209,1133
AMS,NETH,AMSTERDAM,PAR,FRAN,PARIS **,1059084,433
SFO,UNST,SAN FRANCISCO,WAS,UNST,WASHINGTON **,1054354,3902
LON,UNKG,LONDON **,TYO,JAPN,TOKYO **,1044673,9614
CGN,GERF,COLOGNE,BER,GERF,BERLIN **,1037996,463
BKK,THAI,BANGKOK,SEL,KORR,SEOUL **,1036649,3686
NYC,UNST,NEW YORK **,PIT,UNST,PITTSBURGH,1035536,528
ABQ,UNST,ALBUQUERQUE,PHX,UNST,PHOENIX,1032924,530
BJS,CHIN,BEIJING,HKG,HONG,HONG KONG,1030600,1960
HKG,HONG,HONG KONG,KHH,TAIW,KAOHSIUNG,1030487,639
GUM,GUAM,GUAM,TYO,JAPN,TOKYO **,1017120,2502
ATH,GREC,ATHENS,LON,UNKG,LONDON **,1015967,2428
BCN,SPAN,BARCELONA,PAR,FRAN,PARIS **,1013437,826
MSY,UNST,NEW ORLEANS,NYC,UNST,NEW YORK **,1005556,1894
PHX,UNST,PHOENIX,SLC,UNST,SALT LAKE CITY,1004872,817
LON,UNKG,LONDON **,SIN,SING,SINGAPORE **,1003238,10903
HOU,UNST,HOUSTON **,LAX,UNST,LOS ANGELES **,996732,2228
DEN,UNST,DENVER,LAS,UNST,LAS VEGAS,994714,989
HKG,HONG,HONG KONG,LON,UNKG,LONDON **,992955,9670
MSP,UNST,MINNEAPOLIS,ORL,UNST,ORLANDO,989152,2098
MSP,UNST,MINNEAPOLIS,SFO,UNST,SAN FRANCISCO,987966,2551
CHI,UNST,CHICAGO **,CMH,UNST,"COLUMBUS, OH **",987896,449
BWI,UNST,BALTIMORE,CLE,UNST,CLEVELAND,980152,505
PHX,UNST,PHOENIX,SJC,UNST,SAN JOSE,979762,995
LAX,UNST,LOS ANGELES **,MEX,MEXC,MEXICO CITY,979644,2497
LAX,UNST,LOS ANGELES **,TPE,TAIW,TAIPEI,979021,10895
CHI,UNST,CHICAGO **,YTO,CAND,TORONTO,975974,683
DEN,UNST,DENVER,WAS,UNST,WASHINGTON **,974242,2369
DXB,UNAR,DUBAI,LON,UNKG,LONDON **,970817,5513
NYC,UNST,NEW YORK **,SEA,UNST,SEATTLE,961918,3862
FLL,UNST,FORT LAUDERDALE,TPA,UNST,"TAMPA, FL **",961224,315
BUR,UNST,BURBANK,SJC,UNST,SAN JOSE,955096,475
LAS,UNST,LAS VEGAS,PDX,UNST,PORTLAND,952894,1225
CHI,UNST,CHICAGO **,SEA,UNST,SEATTLE,950994,2785
CLT,UNST,CHARLOTTE,NYC,UNST,NEW YORK **,949962,865
ATL,UNST,ATLANTA,DEN,UNST,DENVER,946700,1939
BOG,COLM,BOGOTA,MDE,COLM,MEDELLIN,945756,233
NYC,UNST,NEW YORK **,TLV,ISRL,TEL AVIV,942975,9120
CAG,ITAL,CAGLIARI,ROM,ITAL,ROMA **,942578,389
AMS,NETH,AMSTERDAM,DET,UNST,DETROIT **,941892,6285
LON,UNKG,LONDON **,ORL,UNST,ORLANDO,937801,6935
FAO,PORT,FARO,LON,UNKG,LONDON **,937452,1684
AKL,NEWZ,AUCKLAND,SYD,ASTL,SYDNEY,936850,2160
NYC,UNST,NEW YORK **,SAN,UNST,SAN DIEGO,935590,3907
LAX,UNST,LOS ANGELES **,ORL,UNST,ORLANDO,932876,3552
JNB,SOUF,JOHANNESBURG,LON,UNKG,LONDON **,928205,9072
SEA,UNST,SEATTLE,SNA,UNST,ORANGE COUNT,928102,1576
BOG,COLM,BOGOTA,CLO,COLM,CALI,921302,298
LAX,UNST,LOS ANGELES **,SEL,KORR,SEOUL **,915967,9591
LAS,UNST,LAS VEGAS,PHL,UNST,PHILADELPHIA,911654,3494
ATL,UNST,ATLANTA,SFO,UNST,SAN FRANCISCO,911274,3432
LAX,UNST,LOS ANGELES **,MSP,UNST,MINNEAPOLIS,907280,2467
ATL,UNST,ATLANTA,BWI,UNST,BALTIMORE,904492,926
LAX,UNST,LOS ANGELES **,PHL,UNST,PHILADELPHIA,901252,3854
DEN,UNST,DENVER,SEA,UNST,SEATTLE,899522,1635
LAS,UNST,LAS VEGAS,MSP,UNST,MINNEAPOLIS,898414,2088
SFO,UNST,SAN FRANCISCO,TYO,JAPN,TOKYO **,895420,8281
BUR,UNST,BURBANK,PHX,UNST,PHOENIX,892674,589
BUR,UNST,BURBANK,SFO,UNST,SAN FRANCISCO,892564,525
LAX,UNST,LOS ANGELES **,PUS,KORR,PUSAN,891597,9604
OSL,NORW,OSLO **,STO,SWED,STOCKHOLM **,890848,416
BNA,UNST,NASHVILLE,CHI,UNST,CHICAGO **,889826,642
NYC,UNST,NEW YORK **,TYO,JAPN,TOKYO **,888579,10850
BOS,UNST,BOSTON,DAL,UNST,DALLAS **,887598,2505
PDX,UNST,PORTLAND,SFO,UNST,SAN FRANCISCO,883786,885
AMS,NETH,AMSTERDAM,NYC,UNST,NEW YORK **,881618,5849
BOS,UNST,BOSTON,TPA,UNST,"TAMPA, FL **",881610,1908
LON,UNKG,LONDON **,MIA,UNST,MIAMI **,880076,7082
FMY,UNST,FORT MYERS,NYC,UNST,NEW YORK **,879632,1733
LAX,UNST,LOS ANGELES **,TUS,UNST,TUCSON,878128,723
OAK,UNST,OAKLAND,PDX,UNST,PORTLAND,875786,875
MAN,UNKG,MANCHESTER,TCI,SPNA,TENERIFE **,873095,3017
LON,UNKG,LONDON **,TCI,SPNA,TENERIFE **,872323,2872
SIN,SING,SINGAPORE **,SYD,ASTL,SYDNEY,869802,6289
LON,UNKG,LONDON **,TLV,ISRL,TEL AVIV,867486,3604
LIS,PORT,LISBON,LON,UNKG,LONDON **,865607,1536
ATH,GREC,ATHENS,HER,GREC,IRAKLION,865397,313
CGN,GERF,COLOGNE,MUC,GERF,MUNICH,865045,447
CAI,EGYP,CAIRO,JED,SAUD,JEDDAH,865000,1236
BWI,UNST,BALTIMORE,TPA,UNST,"TAMPA, FL **",861048,1357
LLA,SWED,LULEA,STO,SWED,STOCKHOLM **,860815,721
PAR,FRAN,PARIS **,TYO,JAPN,TOKYO **,858738,9733
MIA,UNST,MIAMI **,NAS,BAHM,NASSAU,857133,295
HNL,UNST,HONOLULU,OSA,JAPN,OSAKA,856848,6586
ATL,UNST,ATLANTA,MSP,UNST,MINNEAPOLIS,856102,1459
HFD,UNST,HARTFORD SPRINGFIELDS,DAL,UNST,DALLAS **,852814,2358
ATL,UNST,ATLANTA,MEM,UNST,MEMPHIS,852800,531
BUE,ARGT,BUENOS AIRES **,SCL,CHIL,SANTIAGO DE CHILE,851984,1140
PDX,UNST,PORTLAND,PHX,UNST,PHOENIX,847606,1623
BWI,UNST,BALTIMORE,SFO,UNST,SAN FRANCISCO,844900,3943
LON,UNKG,LONDON **,OSL,NORW,OSLO **,843183,1192
PHL,UNST,PHILADELPHIA,SFO,UNST,SAN FRANCISCO,841934,4046
GVA,SWTZ,GENEVA,ZRH,SWTZ,ZURICH,841449,229
LAS,UNST,LAS VEGAS,SMF,UNST,SACRAMENTO,840074,622
MIA,UNST,MIAMI **,WAS,UNST,WASHINGTON **,839102,1481
MSP,UNST,MINNEAPOLIS,WAS,UNST,WASHINGTON **,835978,1478
LIS,PORT,LISBON,PAR,FRAN,PARIS **,835868,1439
CHI,UNST,CHICAGO **,RDU,UNST,RALEIGH/DURHAM,834530,1014
HOU,UNST,HOUSTON **,IND,UNST,INDIANAPOLIS,828762,1389
NYC,UNST,NEW YORK **,STL,UNST,ST LOUIS,825930,1415
CHI,UNST,CHICAGO **,SAN,UNST,SAN DIEGO,823050,2785
FLL,UNST,FORT LAUDERDALE,PHL,UNST,PHILADELPHIA,821066,1602
BOS,UNST,BOSTON,DEN,UNST,DENVER,819700,2834
IND,UNST,INDIANAPOLIS,ORL,UNST,ORLANDO,818718,1324
ROM,ITAL,ROMA **,TRN,ITAL,TORINO,818167,528
CLE,UNST,CLEVELAND,NYC,UNST,NEW YORK **,817932,663
LCA,CYPR,LARNACA,LON,UNKG,LONDON **,814762,3292
BWI,UNST,BALTIMORE,LAS,UNST,LAS VEGAS,812612,3380
PHL,UNST,PHILADELPHIA,TPA,UNST,"TAMPA, FL **",811400,1484
PAR,FRAN,PARIS **,RUN,REUN,ST DENIS,811226,9353
LAX,UNST,LOS ANGELES **,SYD,ASTL,SYDNEY,810777,12053
SEA,UNST,SEATTLE,SMF,UNST,SACRAMENTO,810338,995
BWI,UNST,BALTIMORE,PHX,UNST,PHOENIX,808716,3210
BIO,SPAN,BILBAO,MAD,SPAN,MADRID **,807908,319
HKG,HONG,HONG KONG,KUL,MALB,KUALA LUMPUR,807015,2525
NYC,UNST,NEW YORK **,ROM,ITAL,ROMA **,806816,6869
HOU,UNST,HOUSTON **,LAS,UNST,LAS VEGAS,806428,1983
BWI,UNST,BALTIMORE,STL,UNST,ST LOUIS,805028,1184
HFD,UNST,HARTFORD SPRINGFIELDS,CHI,UNST,CHICAGO **,803732,1235
CHI,UNST,CHICAGO **,MIA,UNST,MIAMI **,802162,1908
STR,GERF,STUTTGART,BER,GERF,BERLIN **,801131,516
PAR,FRAN,PARIS **,YMQ,CAND,MONTREAL **,792091,5509
DUS,GERF,DUSSELDORF,LON,UNKG,LONDON **,791694,526
MIL,ITAL,MILANO **,PMO,ITAL,PALERMO,790633,899
FRA,GERF,FRANKFURT,PMI,SPAN,PALMA DE MALLORCA,790402,1251
PAR,FRAN,PARIS **,ZRH,SWTZ,ZURICH,790213,479
DEN,UNST,DENVER,MKC,UNST,KANSAS CITY,788366,886
PDX,UNST,PORTLAND,SMF,UNST,SACRAMENTO,787786,790
OAK,UNST,OAKLAND,PHX,UNST,PHOENIX,786960,1035
NYC,UNST,NEW YORK **,SDQ,DOMR,SANTO DOMINGO,785131,2514
ALC,SPAN,ALICANTE,LON,UNKG,LONDON **,783674,1436
DUS,GERF,DUSSELDORF,BER,GERF,BERLIN **,783612,471
BOS,UNST,BOSTON,MSP,UNST,MINNEAPOLIS,782998,1803
LON,UNKG,LONDON **,VIE,AUST,VIENNA,782706,1292
CCS,VENZ,CARACAS,MIA,UNST,MIAMI **,780194,2194
MAN,UNKG,MANCHESTER,PMI,SPAN,PALMA DE MALLORCA,777818,1580
TPA,UNST,"TAMPA, FL **",WAS,UNST,WASHINGTON **,774874,1308
CHI,UNST,CHICAGO **,TYO,JAPN,TOKYO **,774779,10141
ORL,UNST,ORLANDO,PVD,UNST,PROVIDENCE,773598,1719
LIS,PORT,LISBON,MAD,SPAN,MADRID **,772426,512
PAR,FRAN,PARIS **,TUN,TUNS,TUNIS,770099,1466
BWI,UNST,BALTIMORE,FLL,UNST,FORT LAUDERDALE,768610,1492
PAR,FRAN,PARIS **,TLV,ISRL,TEL AVIV,768434,3283
SHA,CHIN,SHANGHAI **,TYO,JAPN,TOKYO **,765674,1754
GDL,MEXC,GUADALAJARA,LAX,UNST,LOS ANGELES **,764613,2103
GUM,GUAM,GUAM,OSA,JAPN,OSAKA,763139,2545
AGH,SWED,HELSINGBORG,STO,SWED,STOCKHOLM **,762207,456
FLL,UNST,FORT LAUDERDALE,WAS,UNST,WASHINGTON **,761956,1450
FNC,MADR,FUNCHAL,LIS,PORT,LISBON,759813,977
OSA,JAPN,OSAKA **,TPE,TAIW,TAIPEI,756498,1717
LON,UNKG,LONDON **,ORK,IRLD,CORK,753800,533
CJU,KORR,CHEJU,KWJ,KORR,KWANGJU,750766,182
ATL,UNST,ATLANTA,MSY,UNST,NEW ORLEANS,747782,685
SEA,UNST,SEATTLE,SLC,UNST,SALT LAKE CITY,747358,1107
DEN,UNST,DENVER,SLC,UNST,SALT LAKE CITY,747270,611
ATL,UNST,ATLANTA,JAX,UNST,JACKSONVILLE,746840,446
LAS,UNST,LAS VEGAS,SLC,UNST,SALT LAKE CITY,746106,592
CHI,UNST,CHICAGO **,FMY,UNST,FORT MYERS,740990,1778
KPO,KORR,POHANG,SEL,KORR,SEOUL **,740851,291
ABZ,UNKG,ABERDEEN,LON,UNKG,LONDON **,739850,662
LAX,UNST,LOS ANGELES **,RNO,UNST,RENO,738528,630
HFD,UNST,HARTFORD SPRINGFIELDS,BWI,UNST,BALTIMORE,736996,456
GVA,SWTZ,GENEVA,PAR,FRAN,PARIS **,736657,395
MKC,UNST,KANSAS CITY,STL,UNST,ST LOUIS,733704,367
BRU,BELG,BRUSSELS,MAD,SPAN,MADRID **,732240,1315
CHI,UNST,CHICAGO **,FRA,GERF,FRANKFURT,732163,6959
LYS,FRAN,LYON **,PAR,FRAN,PARIS **,726318,385
HKG,HONG,HONG KONG,OSA,JAPN,OSAKA,724202,2483
BUE,ARGT,BUENOS AIRES **,SAO,BRAZ,SAO PAULO **,724063,1674
CHI,UNST,CHICAGO **,PIT,UNST,PITTSBURGH,720148,638
MAD,SPAN,MADRID **,ROM,ITAL,ROMA **,718684,1329
MIA,UNST,MIAMI **,SAO,BRAZ,SAO PAULO **,718667,6534
SIN,SING,SINGAPORE **,TPE,TAIW,TAIPEI,717558,3239
RNO,UNST,RENO,SEA,UNST,SEATTLE,716814,907
JAX,UNST,JACKSONVILLE,NYC,UNST,NEW YORK **,714356,1339
MSP,UNST,MINNEAPOLIS,SEA,UNST,SEATTLE,713854,2242
HOU,UNST,HOUSTON **,SAT,UNST,SAN ANTONIO,711126,306
LAX,UNST,LOS ANGELES **,YVR,CAND,VANCOUVER,709542,1739
AUS,UNST,AUSTIN,HOU,UNST,HOUSTON **,707428,242
BUE,ARGT,BUENOS AIRES **,MIA,UNST,MIAMI **,706169,7094
CVG,UNST,CINCINNATI,NYC,UNST,NEW YORK **,704588,929
DEN,UNST,DENVER,SAN,UNST,SAN DIEGO,703936,1349
AKL,NEWZ,AUCKLAND,LAX,UNST,LOS ANGELES **,702681,10479
DEN,UNST,DENVER,HOU,UNST,HOUSTON **,701212,1423
LON,UNKG,LONDON **,NCE,FRAN,NICE,698259,1040
MAD,SPAN,MADRID **,SCQ,SPAN,SANTIAGO DE COMPOSTELA,696469,490
ABQ,UNST,ALBUQUERQUE,DAL,UNST,DALLAS **,692494,911
ALC,SPAN,ALICANTE,MAD,SPAN,MADRID **,690128,351
MAD,SPAN,MADRID **,MIL,ITAL,MILANO **,689866,1164
CHI,UNST,CHICAGO **,OMA,UNST,OMAHA,689736,690
HAM,GERF,HAMBURG,LON,UNKG,LONDON **,686505,775
IND,UNST,INDIANAPOLIS,LAS,UNST,LAS VEGAS,685274,2553
STO,SWED,STOCKHOLM **,UME,SWED,UMEA,684872,510
CHI,UNST,CHICAGO **,SDF,UNST,LOUISVILLE,681566,440
LON,UNKG,LONDON **,BER,GERF,BERLIN **,681486,976
BWI,UNST,BALTIMORE,DET,UNST,DETROIT **,680256,642
PEN,MALB,PENANG,SIN,SING,SINGAPORE **,679987,602
BRU,BELG,BRUSSELS,ROM,ITAL,ROMA **,677700,1171
DEN,UNST,DENVER,ORL,UNST,ORLANDO,675532,2487
BJS,CHIN,BEIJING,SEL,KORR,SEOUL **,675256,947
MKC,UNST,KANSAS CITY,NYC,UNST,NEW YORK **,674438,1761
MIL,ITAL,MILANO **,NYC,UNST,NEW YORK **,673362,6439
BKK,THAI,BANGKOK,KUL,MALB,KUALA LUMPUR,672295,1206
MNL,PHIL,MANILA,SIN,SING,SINGAPORE **,671738,2374
PUS,KORR,PUSAN,SIN,SING,SINGAPORE **,669383,4569
HKG,HONG,HONG KONG,SYD,ASTL,SYDNEY,668700,7373
BNA,UNST,NASHVILLE,BWI,UNST,BALTIMORE,667510,943
OSA,JAPN,OSAKA **,SHA,CHIN,SHANGHAI **,664736,1352
AMS,NETH,AMSTERDAM,MAD,SPAN,MADRID **,664110,1462
CHI,UNST,CHICAGO **,PVD,UNST,PROVIDENCE,663866,1340
OSA,JAPN,OSAKA **,SIN,SING,SINGAPORE **,662825,4939
FRA,GERF,FRANKFURT,TYO,JAPN,TOKYO **,662097,9354
LON,UNKG,LONDON **,SNN,IRLD,SHANNON,661080,575
FRA,GERF,FRANKFURT,MIL,ITAL,MILANO **,660959,501
CMH,UNST,"COLUMBUS, OH **",ORL,UNST,ORLANDO,656106,1282
LAS,UNST,LAS VEGAS,SNA,UNST,ORANGE COUNT,652776,364
PAR,FRAN,PARIS **,TLN,FRAN,TOULON,652753,690
SFO,UNST,SAN FRANCISCO,TPE,TAIW,TAIPEI,652211,10363
BOS,UNST,BOSTON,LAS,UNST,LAS VEGAS,651962,3822
AMS,NETH,AMSTERDAM,FRA,GERF,FRANKFURT,651954,366
BWI,UNST,BALTIMORE,HOU,UNST,HOUSTON **,651048,2003
CMH,UNST,"COLUMBUS, OH **",LAS,UNST,LAS VEGAS,650312,2843
HOU,UNST,HOUSTON **,WAS,UNST,WASHINGTON **,650010,1945
FRA,GERF,FRANKFURT,VIE,AUST,VIENNA,649414,617
BKK,THAI,BANGKOK,FRA,GERF,FRANKFURT,648837,8963
BKK,THAI,BANGKOK,OSA,JAPN,OSAKA,648305,4186
CHI,UNST,CHICAGO **,IND,UNST,INDIANAPOLIS,647934,263
LAS,UNST,LAS VEGAS,MKE,UNST,MILWAUKEE,646614,2446
LON,UNKG,LONDON **,NCL,UNKG,NEWCASTLE,645964,419
MAD,SPAN,MADRID **,VLC,SPAN,VALENCIA,645547,286
AMS,NETH,AMSTERDAM,BCN,SPAN,BARCELONA,645341,1241
ATH,GREC,ATHENS,PAR,FRAN,PARIS **,644360,2093
SEL,KORR,SEOUL **,SIN,SING,SINGAPORE **,642006,4650
AGP,SPAN,MALAGA,MAN,UNKG,MANCHESTER,641781,1862
ALC,SPAN,ALICANTE,MAN,UNKG,MANCHESTER,639262,1669
HEL,FINL,HELSINKI,OUL,FINL,OULU,638781,513
JER,UNKG,JERSEY,LON,UNKG,LONDON **,637408,251
IND,UNST,INDIANAPOLIS,NYC,UNST,NEW YORK **,637054,1049
LON,UNKG,LONDON **,YVR,CAND,VANCOUVER,636962,7574
AYT,TURK,ANTALYA,DUS,GERF,DUSSELDORF,633776,2476
ISP,UNST,LONG ISLAND MACARTHUR,ORL,UNST,ORLANDO,632856,1556
HOU,UNST,HOUSTON **,SFO,UNST,SAN FRANCISCO,632072,2646
PDX,UNST,PORTLAND,SAN,UNST,SAN DIEGO,631490,1501
MUC,GERF,MUNICH,PAR,FRAN,PARIS **,631278,690
DUB,IRLD,DUBLIN,MAN,UNKG,MANCHESTER,631109,264
DPS,INDO,DENPASAR (BALI),SIN,SING,SINGAPORE **,629955,1671
NYC,UNST,NEW YORK **,ROC,UNST,ROCHESTER,629368,402
FRA,GERF,FRANKFURT,SIN,SING,SINGAPORE **,628345,10272
PHX,UNST,PHOENIX,SMF,UNST,SACRAMENTO,628260,1021
CMH,UNST,"COLUMBUS, OH **",NYC,UNST,NEW YORK **,627850,758
HOU,UNST,HOUSTON **,ORL,UNST,ORLANDO,627524,1359
BCN,SPAN,BARCELONA,SVQ,SPAN,SEVILLE,626247,809
BOI,UNST,BOISE,SEA,UNST,SEATTLE,624876,640
CHI,UNST,CHICAGO **,MSY,UNST,NEW ORLEANS,624476,1341
DUS,GERF,DUSSELDORF,FRA,GERF,FRANKFURT,623572,189
PER,ASTL,PERTH,SIN,SING,SINGAPORE **,622826,3908
ATL,UNST,ATLANTA,MKC,UNST,KANSAS CITY,622324,1091
AMS,NETH,AMSTERDAM,ZRH,SWTZ,ZURICH,620101,604
MKE,UNST,MILWAUKEE,ORL,UNST,ORLANDO,619208,1706
ATL,UNST,ATLANTA,LAS,UNST,LAS VEGAS,618518,2803
MKC,UNST,KANSAS CITY,MSP,UNST,MINNEAPOLIS,614368,652
FRA,GERF,FRANKFURT,MAD,SPAN,MADRID **,614254,1422
CHI,UNST,CHICAGO **,CVG,UNST,CINCINNATI,613496,401
MYR,UNST,MYRTLE BEACH,NYC,UNST,NEW YORK **,612208,899
DMM,SAUD,AD DAMMAM,RUH,SAUD,RIYADH,612000,390
SDQ,DOMR,SANTO DOMINGO,SJU,PURI,SAN JUAN,611904,387
ABQ,UNST,ALBUQUERQUE,LAX,UNST,LOS ANGELES **,610876,1087
GSO,UNST,GREENSBORO,NYC,UNST,NEW YORK **,610368,732
CHI,UNST,CHICAGO **,SNA,UNST,ORANGE COUNT,609804,2791
LAX,UNST,LOS ANGELES **,MIA,UNST,MIAMI **,608220,3760
BIQ,FRAN,BIARRITZ,PAR,FRAN,PARIS **,608056,658
FRA,GERF,FRANKFURT,WAS,UNST,WASHINGTON **,607519,6536
FRA,GERF,FRANKFURT,IST,TURK,ISTANBUL,606850,1862
MEX,MEXC,MEXICO CITY,MIA,UNST,MIAMI **,606719,2051
LON,UNKG,LONDON **,PRG,CZCH,PRAGUE,606655,1080
LIS,PORT,LISBON,OPO,PORT,PORTO,603586,270
RSU,KORR,YEOSU,SEL,KORR,SEOUL **,602324,325
ATH,GREC,ATHENS,RHO,GREC,RODOS,602080,423
JED,SAUD,JEDDAH,MED,SAUD,MEDINA,601000,341
HEL,FINL,HELSINKI,LON,UNKG,LONDON **,600178,1878
HOU,UNST,HOUSTON **,TUL,UNST,TULSA,600020,730
BRU,BELG,BRUSSELS,NYC,UNST,NEW YORK **,596972,5887
HOU,UNST,HOUSTON **,MEX,MEXC,MEXICO CITY,596440,1198
AHB,SAUD,ABHA,RUH,SAUD,RIYADH,596000,843
BJS,CHIN,BEIJING,TYO,JAPN,TOKYO **,595980,2113
HKG,HONG,HONG KONG,SFO,UNST,SAN FRANCISCO,594734,11099
FRA,GERF,FRANKFURT,ROM,ITAL,ROMA **,594298,957
NGO,JAPN,NAGOYA,SEL,KORR,SEOUL **,592499,940
MNL,PHIL,MANILA,TYO,JAPN,TOKYO **,591929,2992
ATL,UNST,ATLANTA,HFD,UNST,HARTFORD SPRINGFIELDS,591264,1380
ATL,UNST,ATLANTA,LON,UNKG,LONDON **,589306,6738
HKG,HONG,HONG KONG,YVR,CAND,VANCOUVER,588336,10246
KUL,MALB,KUALA LUMPUR,LON,UNKG,LONDON **,586943,10593
FUK,JAPN,FUKUOKA,SEL,KORR,SEOUL **,585791,550
FLL,UNST,FORT LAUDERDALE,JAX,UNST,JACKSONVILLE,584322,504
HOU,UNST,HOUSTON **,STL,UNST,ST LOUIS,583868,1108
ORL,UNST,ORLANDO,RDU,UNST,RALEIGH/DURHAM,583002,850
BWI,UNST,BALTIMORE,SAN,UNST,SAN DIEGO,582434,3683
MEL,ASTL,MELBOURNE **,SIN,SING,SINGAPORE **,582318,6038
FLL,UNST,FORT LAUDERDALE,ISP,UNST,LONG ISLAND MACARTHUR,580050,1762
BOG,COLM,BOGOTA,MIA,UNST,MIAMI **,579856,2434
PHL,UNST,PHILADELPHIA,PIT,UNST,PITTSBURGH,576824,430
NYC,UNST,NEW YORK **,YMQ,CAND,MONTREAL **,575036,531
ATL,UNST,ATLANTA,PIT,UNST,PITTSBURGH,572874,845
BCN,SPAN,BARCELONA,BRU,BELG,BRUSSELS,569658,1083
BRU,BELG,BRUSSELS,MIL,ITAL,MILANO **,568951,683
BRI,ITAL,BARI,MIL,ITAL,MILANO **,568951,796
HFD,UNST,HARTFORD SPRINGFIELDS,FLL,UNST,FORT LAUDERDALE,568578,1891
FLL,UNST,FORT LAUDERDALE,ORL,UNST,ORLANDO,567554,298
SFO,UNST,SAN FRANCISCO,SLC,UNST,SALT LAKE CITY,566340,963
DMM,SAUD,AD DAMMAM,JED,SAUD,JEDDAH,566000,1234
BHX,UNKG,BIRMINGHAM,DUB,IRLD,DUBLIN,563276,320
MKC,UNST,KANSAS CITY,ORL,UNST,ORLANDO,562690,1692
AMS,NETH,AMSTERDAM,MIL,ITAL,MILANO **,561629,814
AMS,NETH,AMSTERDAM,ROM,ITAL,ROMA **,560817,1296
CPH,DENM,COPENHAGEN **,PAR,FRAN,PARIS **,560643,1034
DAL,UNST,DALLAS **,MEX,MEXC,MEXICO CITY,560310,1507
CUN,MEXC,CANCUN,MIA,UNST,MIAMI **,554865,800
LON,UNKG,LONDON **,PHL,UNST,PHILADELPHIA,554186,5667
PDX,UNST,PORTLAND,SLC,UNST,SALT LAKE CITY,553368,1012
CLE,UNST,CLEVELAND,LAS,UNST,LAS VEGAS,552464,2929
MIA,UNST,MIAMI **,SJO,COST,SAN JOSE,552020,1808
LON,UNKG,LONDON **,MLA,MALT,MALTA,551707,2102
BNA,UNST,NASHVILLE,DET,UNST,DETROIT **,551646,734
SFO,UNST,SAN FRANCISCO,YVR,CAND,VANCOUVER,551573,1287
FRA,GERF,FRANKFURT,HAJ,GERF,HANOVER,549962,280
CAS,MORC,CASABLANCA **,PAR,FRAN,PARIS **,549898,1880
ATH,GREC,ATHENS,LCA,CYPR,LARNACA,548703,946
NYC,UNST,NEW YORK **,SJC,UNST,SAN JOSE,547868,4102
BOS,UNST,BOSTON,FMY,UNST,FORT MYERS,547182,2013
CMH,UNST,"COLUMBUS, OH **",TPA,UNST,"TAMPA, FL **",547048,1338
FRA,GERF,FRANKFURT,ZRH,SWTZ,ZURICH,546070,287
NYC,UNST,NEW YORK **,SNN,IRLD,SHANNON,545449,4949
AMS,NETH,AMSTERDAM,MAN,UNKG,MANCHESTER,545395,487
MKE,UNST,MILWAUKEE,NYC,UNST,NEW YORK **,544792,1176
CLE,UNST,CLEVELAND,ORL,UNST,ORLANDO,541900,1432
HAM,GERF,HAMBURG,PMI,SPAN,PALMA DE MALLORCA,541132,1658
NYC,UNST,NEW YORK **,SLC,UNST,SALT LAKE CITY,540050,3171
ORL,UNST,ORLANDO,STL,UNST,ST LOUIS,539970,1407
LAS,UNST,LAS VEGAS,MKC,UNST,KANSAS CITY,538916,1839
LAX,UNST,LOS ANGELES **,MSY,UNST,NEW ORLEANS,537854,2680
IST,TURK,ISTANBUL,LON,UNKG,LONDON **,537611,2531
DEN,UNST,DENVER,PDX,UNST,PORTLAND,537504,1581
LAX,UNST,LOS ANGELES **,PAR,FRAN,PARIS **,536472,9110
ATL,UNST,ATLANTA,GSO,UNST,GREENSBORO,535742,491
BOS,UNST,BOSTON,MIA,UNST,MIAMI **,535562,2026
CGN,GERF,COLOGNE,PMI,SPAN,PALMA DE MALLORCA,535278,1304
BWI,UNST,BALTIMORE,DEN,UNST,DENVER,534540,2411
BKK,THAI,BANGKOK,LON,UNKG,LONDON **,534272,9570
BNA,UNST,NASHVILLE,ORL,UNST,ORLANDO,530798,981
MLH,FRAN,MULHOUSE,PAR,FRAN,PARIS **,530377,401
LON,UNKG,LONDON **,SYD,ASTL,SYDNEY,527269,17038
HKG,HONG,HONG KONG,LAX,UNST,LOS ANGELES **,526772,11636
AMA,UNST,AMARILLO INTL,DAL,UNST,DALLAS **,526590,499
MAN,UNKG,MANCHESTER,PAR,FRAN,PARIS **,526533,607
BRU,BELG,BRUSSELS,FRA,GERF,FRANKFURT,526191,304
IND,UNST,INDIANAPOLIS,TPA,UNST,"TAMPA, FL **",525000,1352
DEN,UNST,DENVER,SJC,UNST,SAN JOSE,524990,1502
BOI,UNST,BOISE,PDX,UNST,PORTLAND,524472,553
HOU,UNST,HOUSTON **,PHX,UNST,PHOENIX,523636,1637
BOS,UNST,BOSTON,BWI,UNST,BALTIMORE,523422,595
MKC,UNST,KANSAS CITY,PHX,UNST,PHOENIX,522586,1682
MNL,PHIL,MANILA,SEL,KORR,SEOUL **,520977,2622
DXB,UNAR,DUBAI,KHI,PAKI,KARACHI,520548,1190
MAD,SPAN,MADRID **,OVD,SPAN,OVIEDO,518112,377
PAR,FRAN,PARIS **,VCE,ITAL,VENICE,517242,840
FRA,GERF,FRANKFURT,HKG,HONG,HONG KONG,516737,9164
OPO,PORT,PORTO,PAR,FRAN,PARIS **,515918,1207
BRI,ITAL,BARI,ROM,ITAL,ROMA **,515454,386
PAR,FRAN,PARIS **,PUF,FRAN,PAU,515167,641
MKE,UNST,MILWAUKEE,MSP,UNST,MINNEAPOLIS,515064,477
HOU,UNST,HOUSTON **,PHL,UNST,PHILADELPHIA,514414,2148
BUE,ARGT,BUENOS AIRES **,MAD,SPAN,MADRID **,513982,10046
BES,FRAN,BREST,PAR,FRAN,PARIS **,513711,501
HOU,UNST,HOUSTON **,LON,UNKG,LONDON **,512969,7768
MAD,SPAN,MADRID **,SVQ,SPAN,SEVILLE,512895,393
GEG,UNST,SPOKANE,PDX,UNST,PORTLAND,512074,449
MAA,INDA,CHENNAI/MADRAS,SIN,SING,SINGAPORE **,512073,2922
ATL,UNST,ATLANTA,PHX,UNST,PHOENIX,512018,2549
PAR,FRAN,PARIS **,VIE,AUST,VIENNA,511917,1044
BNA,UNST,NASHVILLE,NYC,UNST,NEW YORK **,511070,1217
LAX,UNST,LOS ANGELES **,STL,UNST,ST LOUIS,509910,2555
AGP,SPAN,MALAGA,BCN,SPAN,BARCELONA,509791,767
PAR,FRAN,PARIS **,WAS,UNST,WASHINGTON **,508686,6183
SEL,KORR,SEOUL **,SFO,UNST,SAN FRANCISCO,508424,9050
LAX,UNST,LOS ANGELES **,MKC,UNST,KANSAS CITY,508324,2196
SAN,UNST,SAN DIEGO,SLC,UNST,SALT LAKE CITY,507572,1007
ORL,UNST,ORLANDO,PIT,UNST,PITTSBURGH,507084,1332
MIA,UNST,MIAMI **,PAR,FRAN,PARIS **,506887,7360
MIA,UNST,MIAMI **,YTO,CAND,TORONTO,505750,1988
AMS,NETH,AMSTERDAM,CPH,DENM,COPENHAGEN **,505438,631
ATH,GREC,ATHENS,CHQ,GREC,CHANIA,504943,266
BUR,UNST,BURBANK,SEA,UNST,SEATTLE,504866,1509
BOS,UNST,BOSTON,RDU,UNST,RALEIGH/DURHAM,504564,985
ABY,UNST,ALBANY,BWI,UNST,BALTIMORE,501753,1088
BRU,BELG,BRUSSELS,CPH,DENM,COPENHAGEN **,501643,754
ALG,ALGR,ALGIERS,PAR,FRAN,PARIS **,500828,1339
CHI,UNST,CHICAGO **,SJC,UNST,SAN JOSE,500364,2957
IND,UNST,INDIANAPOLIS,LAX,UNST,LOS ANGELES **,499978,2912
ATL,UNST,ATLANTA,DAY,UNST,DAYTON,498436,695
AMS,NETH,AMSTERDAM,STO,SWED,STOCKHOLM **,497700,1130
BCN,SPAN,BARCELONA,FRA,GERF,FRANKFURT,497623,1092
LON,UNKG,LONDON **,VCE,ITAL,VENICE,497598,1170
PDX,UNST,PORTLAND,RNO,UNST,RENO,497586,715
BOS,UNST,BOSTON,HOU,UNST,HOUSTON **,497526,2587
OAK,UNST,OAKLAND,SLC,UNST,SALT LAKE CITY,497334,945
CJJ,KORR,CHEONGJU,CJU,KORR,CHEJU,497272,369
MSY,UNST,NEW ORLEANS,WAS,UNST,WASHINGTON **,496860,1548
PHX,UNST,PHOENIX,STL,UNST,ST LOUIS,496606,2028
CAG,ITAL,CAGLIARI,MIL,ITAL,MILANO **,496437,698
SEA,UNST,SEATTLE,WAS,UNST,WASHINGTON **,495598,3719
DUB,IRLD,DUBLIN,NYC,UNST,NEW YORK **,495270,5106
AMS,NETH,AMSTERDAM,MSP,UNST,MINNEAPOLIS,494264,6679
CPH,DENM,COPENHAGEN **,HEL,FINL,HELSINKI,493083,892
ATL,UNST,ATLANTA,STL,UNST,ST LOUIS,491940,777
MIA,UNST,MIAMI **,SDQ,DOMR,SANTO DOMINGO,490435,1364
BWI,UNST,BALTIMORE,SDF,UNST,LOUISVILLE,490086,794
BOS,UNST,BOSTON,PBI,UNST,PALM BEACH,488904,1929
FRA,GERF,FRANKFURT,LAX,UNST,LOS ANGELES **,488824,9316
CJU,KORR,CHEJU,TAE,KORR,TAEGU,488688,335
BOG,COLM,BOGOTA,CTG,COLM,CARTAGENA,488312,656
MAD,SPAN,MADRID **,NYC,UNST,NEW YORK **,485002,5769
CHI,UNST,CHICAGO **,CLT,UNST,CHARLOTTE,482886,940
IST,TURK,ISTANBUL,PAR,FRAN,PARIS **,482690,2240
AUS,UNST,AUSTIN,SJC,UNST,SAN JOSE,481994,2361
MEM,UNST,MEMPHIS,NYC,UNST,NEW YORK **,481498,1534
MEX,MEXC,MEXICO CITY,NYC,UNST,NEW YORK **,481093,3358
FRA,GERF,FRANKFURT,YTO,CAND,TORONTO,480463,6339
HFD,UNST,HARTFORD SPRINGFIELDS,PBI,UNST,PALM BEACH,480230,1824
CPH,DENM,COPENHAGEN **,FRA,GERF,FRANKFURT,479921,678
BGI,BARB,BARBADOS,LON,UNKG,LONDON **,479755,6717
ATL,UNST,ATLANTA,SEA,UNST,SEATTLE,479506,3501
DUB,IRLD,DUBLIN,PAR,FRAN,PARIS **,477370,796
MAD,SPAN,MADRID **,VGO,SPAN,VIGO,476667,464
CHI,UNST,CHICAGO **,PDX,UNST,PORTLAND,476602,2815
LAS,UNST,LAS VEGAS,ORL,UNST,ORLANDO,476590,3267
LAS,UNST,LAS VEGAS,TPA,UNST,"TAMPA, FL **",476530,3187
ATH,GREC,ATHENS,MIL,ITAL,MILANO **,475222,1484
SAN,UNST,SAN DIEGO,WAS,UNST,WASHINGTON **,474852,3635
HFD,UNST,HARTFORD SPRINGFIELDS,TPA,UNST,"TAMPA, FL **",473910,1790
ACE,SPNA,ARRECIFE,LON,UNKG,LONDON **,473226,2702
MSY,UNST,NEW ORLEANS,ORL,UNST,ORLANDO,473072,879
BCN,SPAN,BARCELONA,IBZ,SPAN,IBIZA,471791,277
FLL,UNST,FORT LAUDERDALE,LAX,UNST,LOS ANGELES **,468758,3759
NYC,UNST,NEW YORK **,SNA,UNST,ORANGE COUNT,467450,3921
ABY,UNST,ALBANY,ORL,UNST,ORLANDO,467396,432
ATL,UNST,ATLANTA,FNT,UNST,FLINT,467128,1037
PAR,FRAN,PARIS **,PGF,FRAN,PERPIGNAN,466970,668
BWI,UNST,BALTIMORE,SEA,UNST,SEATTLE,465578,3746
ATH,GREC,ATHENS,FRA,GERF,FRANKFURT,465284,1807
FAO,PORT,FARO,MAN,UNKG,MANCHESTER,464993,1867
ABQ,UNST,ALBUQUERQUE,LAS,UNST,LAS VEGAS,464728,783
PAR,FRAN,PARIS **,STO,SWED,STOCKHOLM **,464576,1549
ORL,UNST,ORLANDO,SFO,UNST,SAN FRANCISCO,463576,3919
AKL,NEWZ,AUCKLAND,BNE,ASTL,BRISBANE,463496,2269
PUS,KORR,PUSAN,SFO,UNST,SAN FRANCISCO,462385,9066
BOS,UNST,BOSTON,PIT,UNST,PITTSBURGH,461966,797
PMI,SPAN,PALMA DE MALLORCA,STR,GERF,STUTTGART,461698,1137
LON,UNKG,LONDON **,LYS,FRAN,LYON **,459178,749
BUF,UNST,BUFFALO,CHI,UNST,CHICAGO **,458484,739
BJS,CHIN,BEIJING,SIN,SING,SINGAPORE **,457621,4459
AUS,UNST,AUSTIN,NYC,UNST,NEW YORK **,456430,2428
MIA,UNST,MIAMI **,PHL,UNST,PHILADELPHIA,456114,1634
AJA,FRAN,AJACCIO,PAR,FRAN,PARIS **,455555,908
AUS,UNST,AUSTIN,CHI,UNST,CHICAGO **,454998,1569
DJE,TUNS,JERBA,PAR,FRAN,PARIS **,454192,1790
HAJ,GERF,HANOVER,PMI,SPAN,PALMA DE MALLORCA,454174,1529
BOS,UNST,BOSTON,DET,UNST,DETROIT **,454058,1014
CHI,UNST,CHICAGO **,PAR,FRAN,PARIS **,453937,6656
AMS,NETH,AMSTERDAM,GVA,SWTZ,GENEVA,452029,683
LAX,UNST,LOS ANGELES **,OSA,JAPN,OSAKA,451454,9179
HFD,UNST,HARTFORD SPRINGFIELDS,WAS,UNST,WASHINGTON **,451210,513
MSP,UNST,MINNEAPOLIS,SAN,UNST,SAN DIEGO,450966,2462
ATL,UNST,ATLANTA,BUF,UNST,BUFFALO,450808,1144
ISP,UNST,LONG ISLAND MACARTHUR,TPA,UNST,"TAMPA, FL **",450270,1665
RNO,UNST,RENO,SJC,UNST,SAN JOSE,450254,303
CHI,UNST,CHICAGO **,SLC,UNST,SALT LAKE CITY,450142,2027
AHB,SAUD,ABHA,JED,SAUD,JEDDAH,449000,502
HAJ,GERF,HANOVER,MUC,GERF,MUNICH,448508,500
PHL,UNST,PHILADELPHIA,PHX,UNST,PHOENIX,448294,3333
CPT,SOUF,CAPE-TOWN,LON,UNKG,LONDON **,447283,9663
DEN,UNST,DENVER,PHL,UNST,PHILADELPHIA,446628,2519
FRA,GERF,FRANKFURT,STR,GERF,STUTTGART,445579,157
HNL,UNST,HONOLULU,NGO,JAPN,NAGOYA,445344,6447
CLE,UNST,CLEVELAND,LAX,UNST,LOS ANGELES **,445210,3294
NYC,UNST,NEW YORK **,SAO,BRAZ,SAO PAULO **,443592,7650
NYC,UNST,NEW YORK **,PUS,KORR,PUSAN,443550,11241
NYC,UNST,NEW YORK **,PDX,UNST,PORTLAND,442900,3916
CPH,DENM,COPENHAGEN **,GOT,SWED,GOTEBORG **,442502,267
BAQ,COLM,BARRANQUILLA,BOG,COLM,BOGOTA,442390,691
SEA,UNST,SEATTLE,TYO,JAPN,TOKYO **,442291,7708
HAM,GERF,HAMBURG,STR,GERF,STUTTGART,442090,553
MIA,UNST,MIAMI **,SCL,CHIL,SANTIAGO DE CHILE,440854,6672
LON,UNKG,LONDON **,LPA,SPNA,LAS PALMAS,440562,2869
MKC,UNST,KANSAS CITY,WAS,UNST,WASHINGTON **,439470,1496
ATL,UNST,ATLANTA,CLE,UNST,CLEVELAND,438852,892
LCG,SPAN,LA CORUNA,MAD,SPAN,MADRID **,438389,512
ATH,GREC,ATHENS,ROM,ITAL,ROMA **,437205,1071
ATL,UNST,ATLANTA,SLC,UNST,SALT LAKE CITY,436740,2550
BCN,SPAN,BARCELONA,MIL,ITAL,MILANO **,436728,730
LAS,UNST,LAS VEGAS,TUS,UNST,TUCSON,435316,587
AKL,NEWZ,AUCKLAND,MEL,ASTL,MELBOURNE **,435309,2630
BWI,UNST,BALTIMORE,JAX,UNST,JACKSONVILLE,435250,1072
AMS,NETH,AMSTERDAM,MUC,GERF,MUNICH,435245,676
BWI,UNST,BALTIMORE,MSY,UNST,NEW ORLEANS,433958,1606
LAX,UNST,LOS ANGELES **,TPA,UNST,"TAMPA, FL **",433460,3464
ATL,UNST,ATLANTA,FRA,GERF,FRANKFURT,433401,7404
BRU,BELG,BRUSSELS,PAR,FRAN,PARIS **,432514,284
ORL,UNST,ORLANDO,SEA,UNST,SEATTLE,432424,4091
ATL,UNST,ATLANTA,PAR,FRAN,PARIS **,432012,7050
BCN,SPAN,BARCELONA,MAH,SPAN,MAHON,432002,242
BUF,UNST,BUFFALO,ORL,UNST,ORLANDO,431688,1617
FLL,UNST,FORT LAUDERDALE,NAS,BAHM,NASSAU,431151,293
BOS,UNST,BOSTON,SJC,UNST,SAN JOSE,430272,4314
DAL,UNST,DALLAS **,LON,UNKG,LONDON **,430192,7601
MIA,UNST,MIAMI **,SFO,UNST,SAN FRANCISCO,428856,4152
FRA,GERF,FRANKFURT,LIS,PORT,LISBON,428758,1873
FMO,GERF,MUNSTER,PMI,SPAN,PALMA DE MALLORCA,428541,1428
AMS,NETH,AMSTERDAM,VIE,AUST,VIENNA,428241,954
GLA,UNKG,GLASGOW **,LTN,UNKG,LUTON,428033,516
CUN,MEXC,CANCUN,DAL,UNST,DALLAS **,427474,1664
CUN,MEXC,CANCUN,HOU,UNST,HOUSTON **,426495,1305
SMF,UNST,SACRAMENTO,SNA,UNST,ORANGE COUNT,426062,630
CHI,UNST,CHICAGO **,MHT,UNST,MANCHESTER,425992,1333
HOU,UNST,HOUSTON **,OKC,UNST,OKLAHOMA CITY,425328,675
CHI,UNST,CHICAGO **,SAT,UNST,SAN ANTONIO,423882,1680
BRE,GERF,BREMEN,FRA,GERF,FRANKFURT,422905,336
BWI,UNST,BALTIMORE,ISP,UNST,LONG ISLAND MACARTHUR,422814,354
SEL,KORR,SEOUL **,TPE,TAIW,TAIPEI,421645,1474
JED,SAUD,JEDDAH,KHI,PAKI,KARACHI,421000,2874
HOU,UNST,HOUSTON **,HRL,UNST,HARLINGEN,419712,453
BKK,THAI,BANGKOK,SYD,ASTL,SYDNEY,419370,7538
BWI,UNST,BALTIMORE,RDU,UNST,RALEIGH/DURHAM,419046,411
CLE,UNST,CLEVELAND,STL,UNST,ST LOUIS,418846,782
ELP,UNST,EL PASO,PHX,UNST,PHOENIX,418128,559
BCN,SPAN,BARCELONA,ROM,ITAL,ROMA **,417988,845
AMS,NETH,AMSTERDAM,YTO,CAND,TORONTO,417463,5986
BRU,BELG,BRUSSELS,ZRH,SWTZ,ZURICH,417383,484
VIE,AUST,VIENNA,ZRH,SWTZ,ZURICH,416497,601
CHI,UNST,CHICAGO **,MEX,MEXC,MEXICO CITY,415160,2716
LON,UNKG,LONDON **,MAH,SPAN,MAHON,414999,1329
PDX,UNST,PORTLAND,SNA,UNST,ORANGE COUNT,414784,1384
MAN,UNKG,MANCHESTER,NYC,UNST,NEW YORK **,414410,5364
OSD,SWED,OSTERSUND,STO,SWED,STOCKHOLM **,413667,464
PDX,UNST,PORTLAND,SEA,UNST,SEATTLE,412996,209
NYC,UNST,NEW YORK **,ZRH,SWTZ,ZURICH,412787,6312
PAR,FRAN,PARIS **,RAK,MORC,MARRAKECH,412321,2093
AMS,NETH,AMSTERDAM,TLV,ISRL,TEL AVIV,412121,3311
AYT,TURK,ANTALYA,FRA,GERF,FRANKFURT,411679,2295
FRA,GERF,FRANKFURT,STO,SWED,STOCKHOLM **,410949,1195
SYD,ASTL,SYDNEY,TYO,JAPN,TOKYO **,410337,7811
AMS,NETH,AMSTERDAM,BHX,UNKG,BIRMINGHAM,409968,443
CHI,UNST,CHICAGO **,YMQ,CAND,MONTREAL **,409764,1199
SPC,SPNA,LA PALMA,TCI,SPNA,TENERIFE **,409575,123
LON,UNKG,LONDON **,PSA,ITAL,PISA,408295,1191
MIA,UNST,MIAMI **,PAP,HAIT,PORT AU PRINCE,408064,1147
MUC,GERF,MUNICH,PMI,SPAN,PALMA DE MALLORCA,407978,1192
MSP,UNST,MINNEAPOLIS,PHL,UNST,PHILADELPHIA,407884,1573
ORL,UNST,ORLANDO,PHX,UNST,PHOENIX,407504,2962
ATL,UNST,ATLANTA,PBI,UNST,PALM BEACH,406684,879
RDU,UNST,RALEIGH/DURHAM,TPA,UNST,"TAMPA, FL **",406566,946
MIL,ITAL,MILANO **,SSH,EGYP,SHARM EL SHEIKH,405811,2966
CLT,UNST,CHARLOTTE,DAL,UNST,DALLAS **,405706,1501
BUE,ARGT,BUENOS AIRES **,MVD,URUG,MONTEVIDEO,405685,206
ACE,SPNA,ARRECIFE,MAD,SPAN,MADRID **,405627,1572
BNA,UNST,NASHVILLE,HOU,UNST,HOUSTON **,405486,1079
HOU,UNST,HOUSTON **,MKC,UNST,KANSAS CITY,405210,1054
DEN,UNST,DENVER,DET,UNST,DETROIT **,405080,1821
AUS,UNST,AUSTIN,PHX,UNST,PHOENIX,403760,1395
FLL,UNST,FORT LAUDERDALE,LAS,UNST,LAS VEGAS,403344,3490
NGO,JAPN,NAGOYA,TPE,TAIW,TAIPEI,403302,1857
LAX,UNST,LOS ANGELES **,YTO,CAND,TORONTO,402833,3491
KAG,KORR,GANGNEUNG,SEL,KORR,SEOUL **,402121,190
SAN,UNST,SAN DIEGO,TUS,UNST,TUCSON,401854,589
ATL,UNST,ATLANTA,CLT,UNST,CHARLOTTE,401516,365
BUD,HUNG,BUDAPEST,LON,UNKG,LONDON **,401490,1508
FRA,GERF,FRANKFURT,MOW,RUSF,MOSCOU **,401177,2024
NYC,UNST,NEW YORK **,RIC,UNST,RICHMOND,400738,461
CMH,UNST,"COLUMBUS, OH **",PHX,UNST,PHOENIX,400376,2684
DUB,IRLD,DUBLIN,GLA,UNKG,GLASGOW **,399726,296
PVD,UNST,PROVIDENCE,TPA,UNST,"TAMPA, FL **",398832,1831
HAV,CUBA,HAVANA,MAD,SPAN,MADRID **,398667,7453
MIL,ITAL,MILANO **,OLB,ITAL,OLBIA,398560,520
AMS,NETH,AMSTERDAM,OSL,NORW,OSLO **,398528,916
BNA,UNST,NASHVILLE,LAX,UNST,LOS ANGELES **,397482,2883
OSA,JAPN,OSAKA **,SYD,ASTL,SYDNEY,396898,7809
PUS,KORR,PUSAN,TPE,TAIW,TAIPEI,396635,1338
PAR,FRAN,PARIS **,BER,GERF,BERLIN **,396208,878
IBZ,SPAN,IBIZA,LON,UNKG,LONDON **,396162,1392
SDL,SWED,SUNDSVALL,STO,SWED,STOCKHOLM **,396083,355
BOS,UNST,BOSTON,SEA,UNST,SEATTLE,396066,4002
LAS,UNST,LAS VEGAS,OMA,UNST,OMAHA,395850,1764
LIM,PERU,LIMA,MIA,UNST,MIAMI **,395482,4216
RDU,UNST,RALEIGH/DURHAM,WAS,UNST,WASHINGTON **,395018,362
AMS,NETH,AMSTERDAM,TYO,JAPN,TOKYO **,394349,9308
KIN,JAMC,KINGSTON,MIA,UNST,MIAMI **,394270,946
LON,UNKG,LONDON **,WAW,POLD,WARSAW,393943,1497
STL,UNST,ST LOUIS,TPA,UNST,"TAMPA, FL **",393710,1400
CHI,UNST,CHICAGO **,JAX,UNST,JACKSONVILLE,393232,1381
PAR,FRAN,PARIS **,SFO,UNST,SAN FRANCISCO,391342,8972
LIS,PORT,LISBON,NYC,UNST,NEW YORK **,391330,5414
LAS,UNST,LAS VEGAS,SAT,UNST,SAN ANTONIO,389784,1718
AMS,NETH,AMSTERDAM,DUB,IRLD,DUBLIN,389635,750
LAS,UNST,LAS VEGAS,STL,UNST,ST LOUIS,388424,2202
AMS,NETH,AMSTERDAM,LTN,UNKG,LUTON,388352,355
BWI,UNST,BALTIMORE,DAL,UNST,DALLAS **,387584,1950
DET,UNST,DETROIT **,LON,UNKG,LONDON **,387308,5991
BNA,UNST,NASHVILLE,RDU,UNST,RALEIGH/DURHAM,386608,711
MIA,UNST,MIAMI **,PTY,PANM,PANAMA CITY - TOCUMEN,386561,1860
EDI,UNKG,EDINBURGH,LTN,UNKG,LUTON,386148,494
DUS,GERF,DUSSELDORF,PAR,FRAN,PARIS **,385716,421
ORL,UNST,ORLANDO,SDF,UNST,LOUISVILLE,385580,1146
IND,UNST,INDIANAPOLIS,PHX,UNST,PHOENIX,385382,2392
BCN,SPAN,BARCELONA,BIO,SPAN,BILBAO,385329,467
MSP,UNST,MINNEAPOLIS,STL,UNST,ST LOUIS,384044,723
PAD,GERF,PADERBORN,PMI,SPAN,PALMA DE MALLORCA,383352,1429
OMA,UNST,OMAHA,PHX,UNST,PHOENIX,383294,1667
BRU,BELG,BRUSSELS,LIS,PORT,LISBON,383034,1717
BUD,HUNG,BUDAPEST,FRA,GERF,FRANKFURT,382872,833
ATL,UNST,ATLANTA,SAN,UNST,SAN DIEGO,382208,3034
NYC,UNST,NEW YORK **,POP,DOMR,PUERTO PLATA,379917,2349
GCM,CAYM,GRAND CAYMAN,MIA,UNST,MIAMI **,379746,733
CHC,NEWZ,CHRISTCHURCH,SYD,ASTL,SYDNEY,379723,2126
LTN,UNKG,LUTON,NCE,FRAN,NICE,379257,1072
MSY,UNST,NEW ORLEANS,TPA,UNST,"TAMPA, FL **",378958,784
BHX,UNKG,BIRMINGHAM,PAR,FRAN,PARIS **,377837,505
GUM,GUAM,GUAM,NGO,JAPN,NAGOYA,377710,2542
HKG,HONG,HONG KONG,PAR,FRAN,PARIS **,376885,9626
AGP,SPAN,MALAGA,LTN,UNKG,LUTON,376853,1720
PHX,UNST,PHOENIX,RNO,UNST,RENO,376544,965
LON,UNKG,LONDON **,STR,GERF,STUTTGART,376421,772
BOM,INDA,BOMBAY,RUH,SAUD,RIYADH,376000,2765
PIT,UNST,PITTSBURGH,TPA,UNST,"TAMPA, FL **",375892,1407
HOU,UNST,HOUSTON **,SEA,UNST,SEATTLE,375760,3041
FRA,GERF,FRANKFURT,NUE,GERF,NUREMBERG,375736,190
AMS,NETH,AMSTERDAM,BRU,BELG,BRUSSELS,375710,159
BNA,UNST,NASHVILLE,CLE,UNST,CLEVELAND,375004,721
CLE,UNST,CLEVELAND,PHX,UNST,PHOENIX,374952,2791
CLE,UNST,CLEVELAND,TPA,UNST,"TAMPA, FL **",374418,1496
AMS,NETH,AMSTERDAM,LPA,SPNA,LAS PALMAS,374220,3185
NYC,UNST,NEW YORK **,ORF,UNST,NORFOLK,374144,469
LPA,SPNA,LAS PALMAS,MAN,UNKG,MANCHESTER,374100,3021
PBI,UNST,PALM BEACH,WAS,UNST,WASHINGTON **,373746,1382
ATL,UNST,ATLANTA,RIC,UNST,RICHMOND,373368,772
DEN,UNST,DENVER,SNA,UNST,ORANGE COUNT,372016,1338
DUS,GERF,DUSSELDORF,IST,TURK,ISTANBUL,370696,2037
FRA,GERF,FRANKFURT,TLV,ISRL,TEL AVIV,369698,2953
ATL,UNST,ATLANTA,SAV,UNST,SAVANNAH,369456,346
LAS,UNST,LAS VEGAS,MIA,UNST,MIAMI **,368774,3493
MRU,MAUT,MAURITIUS,RUN,REUN,ST DENIS,368567,227
DKR,SENG,DAKAR,PAR,FRAN,PARIS **,368442,4190
ACE,SPNA,ARRECIFE,MAN,UNKG,MANCHESTER,368379,2864
KUL,MALB,KUALA LUMPUR,TPE,TAIW,TAIPEI,368105,3232
DXB,UNAR,DUBAI,THR,IRAN,TEHRAN,367861,1221
MBJ,JAMC,MONTEGO BAY,MIA,UNST,MIAMI **,367429,847
BOS,UNST,BOSTON,YTO,CAND,TORONTO,366839,716
DRS,GERF,DRESDEN,FRA,GERF,FRANKFURT,366393,387
AUS,UNST,AUSTIN,LAX,UNST,LOS ANGELES **,366160,1986
BHM,UNST,BIRMINGHAM,PAR,FRAN,PARIS **,366108,7214
FUK,JAPN,FUKUOKA,TPE,TAIW,TAIPEI,365979,1280
CAI,EGYP,CAIRO,PAR,FRAN,PARIS **,365260,3202
AMS,NETH,AMSTERDAM,FAO,PORT,FARO,365130,1969
AUS,UNST,AUSTIN,LAS,UNST,LAS VEGAS,364904,1744
BOM,INDA,BOMBAY,LON,UNKG,LONDON **,364858,7233
PMI,SPAN,PALMA DE MALLORCA,BER,GERF,BERLIN **,364715,1656
DUS,GERF,DUSSELDORF,HAM,GERF,HAMBURG,364457,341
DEN,UNST,DENVER,TPA,UNST,"TAMPA, FL **",363550,2433
ATL,UNST,ATLANTA,YTO,CAND,TORONTO,363160,1190
HAM,GERF,HAMBURG,PAR,FRAN,PARIS **,361727,759
PBI,UNST,PALM BEACH,PHL,UNST,PHILADELPHIA,361166,1534
CLE,UNST,CLEVELAND,HOU,UNST,HOUSTON **,360862,1781
GCI,UNKG,GUERNSEY,LON,UNKG,LONDON **,360474,243
BWI,UNST,BALTIMORE,MKC,UNST,KANSAS CITY,359622,1542
OAK,UNST,OAKLAND,RNO,UNST,RENO,359382,291
BNA,UNST,NASHVILLE,TPA,UNST,"TAMPA, FL **",359250,988
BNA,UNST,NASHVILLE,DAL,UNST,DALLAS **,358752,1011
CLT,UNST,CHARLOTTE,WAS,UNST,WASHINGTON **,358742,523
BOS,UNST,BOSTON,PHX,UNST,PHOENIX,358612,3694
MIL,ITAL,MILANO **,ZRH,SWTZ,ZURICH,358528,216
BCN,SPAN,BARCELONA,TCI,SPNA,TENERIFE **,357854,2222
CLT,UNST,CHARLOTTE,PHL,UNST,PHILADELPHIA,357688,722
NYC,UNST,NEW YORK **,SAV,UNST,SAVANNAH,356848,1154
BOS,UNST,BOSTON,SAN,UNST,SAN DIEGO,356794,4153
ATL,UNST,ATLANTA,ORF,UNST,NORFOLK,356676,829
ORL,UNST,ORLANDO,SYR,UNST,SYRACUSE,356654,1687
BLQ,ITAL,BOLOGNA,ROM,ITAL,ROMA **,356625,315
AMS,NETH,AMSTERDAM,HER,GREC,IRAKLION,355901,2480
SLC,UNST,SALT LAKE CITY,SNA,UNST,ORANGE COUNT,355492,947
MRU,MAUT,MAURITIUS,PAR,FRAN,PARIS **,355426,9430
BRU,BELG,BRUSSELS,NCE,FRAN,NICE,355308,830
STL,UNST,ST LOUIS,WAS,UNST,WASHINGTON **,354926,1136
MSY,UNST,NEW ORLEANS,PHL,UNST,PHILADELPHIA,354272,1752
ATL,UNST,ATLANTA,FMY,UNST,FORT MYERS,354180,823
HOU,UNST,HOUSTON **,TPA,UNST,"TAMPA, FL **",353548,1256
FRA,GERF,FRANKFURT,VCE,ITAL,VENICE,353082,585
PHL,UNST,PHILADELPHIA,RDU,UNST,RALEIGH/DURHAM,351426,544
BKK,THAI,BANGKOK,PAR,FRAN,PARIS **,350455,9432
BDS,ITAL,BRINDISI,ROM,ITAL,ROMA **,350351,494
SFO,UNST,SAN FRANCISCO,YTO,CAND,TORONTO,348694,3625
MEM,UNST,MEMPHIS,WAS,UNST,WASHINGTON **,348240,1206
MAD,SPAN,MADRID **,MIA,UNST,MIAMI **,347737,7101
SHA,CHIN,SHANGHAI **,SIN,SING,SINGAPORE **,347514,3806
HOU,UNST,HOUSTON **,SAN,UNST,SAN DIEGO,346354,2104
DEN,UNST,DENVER,STL,UNST,ST LOUIS,346068,1253
CMH,UNST,"COLUMBUS, OH **",WAS,UNST,WASHINGTON **,345800,500
CMH,UNST,"COLUMBUS, OH **",LAX,UNST,LOS ANGELES **,345388,3202
HFD,UNST,HARTFORD SPRINGFIELDS,LAX,UNST,LOS ANGELES **,345290,4054
ATL,UNST,ATLANTA,MEX,MEXC,MEXICO CITY,344768,2144
MSY,UNST,NEW ORLEANS,SFO,UNST,SAN FRANCISCO,344654,3068
AMS,NETH,AMSTERDAM,IST,TURK,ISTANBUL,344332,2209
ATL,UNST,ATLANTA,CMH,UNST,"COLUMBUS, OH **",344282,719
LCA,CYPR,LARNACA,MAN,UNKG,MANCHESTER,344093,3466
JKT,INDO,JAKARTA **,KUL,MALB,KUALA LUMPUR,343985,1177
MIL,ITAL,MILANO **,ROM,ITAL,ROMA **,343809,489
FRA,GERF,FRANKFURT,HEL,FINL,HELSINKI,343342,1537
IST,TURK,ISTANBUL,MUC,GERF,MUNICH,343096,1567
FRA,GERF,FRANKFURT,SFO,UNST,SAN FRANCISCO,340847,9143
FRA,GERF,FRANKFURT,PRG,CZCH,PRAGUE,340718,418
CMB,SRIL,COLOMBO,MAA,INDA,CHENNAI/MADRAS,340487,647
FLL,UNST,FORT LAUDERDALE,RDU,UNST,RALEIGH/DURHAM,339926,1097
NYC,UNST,NEW YORK **,SAT,UNST,SAN ANTONIO,339838,2537
GVA,SWTZ,GENEVA,LTN,UNKG,LUTON,339793,783
BUE,ARGT,BUENOS AIRES **,RIO,BRAZ,RIO DE JANEIRO **,339744,1964
AMS,NETH,AMSTERDAM,WAS,UNST,WASHINGTON **,339691,6194
MKE,UNST,MILWAUKEE,SFO,UNST,SAN FRANCISCO,339592,2961
BHX,UNKG,BIRMINGHAM,PMI,SPAN,PALMA DE MALLORCA,339401,1474
TLV,ISRL,TEL AVIV,ZRH,SWTZ,ZURICH,339287,2809
RNO,UNST,RENO,SAN,UNST,SAN DIEGO,338894,787
FRA,GERF,FRANKFURT,SEL,KORR,SEOUL **,338814,8548
FRA,GERF,FRANKFURT,PUS,KORR,PUSAN,338814,8885
BFS,UNKG,BELFAST **,BHX,UNKG,BIRMINGHAM,337854,368
LON,UNKG,LONDON **,NAP,ITAL,NAPOLI,337347,1635
AGP,SPAN,MALAGA,AMS,NETH,AMSTERDAM,337012,1885
AMS,NETH,AMSTERDAM,LAX,UNST,LOS ANGELES **,336442,8951
MED,SAUD,MEDINA,RUH,SAUD,RIYADH,336000,706
BHM,UNST,BIRMINGHAM,BWI,UNST,BALTIMORE,335688,1095
LIS,PORT,LISBON,ZRH,SWTZ,ZURICH,335509,1722
BOM,INDA,BOMBAY,SIN,SING,SINGAPORE **,335270,3918
AGP,SPAN,MALAGA,BRU,BELG,BRUSSELS,334820,1735
LON,UNKG,LONDON **,OSA,JAPN,OSAKA,334394,9528
GOT,SWED,GOTEBORG **,LON,UNKG,LONDON **,334345,1103
CHI,UNST,CHICAGO **,HPN,UNST,WESTCHESTER COUNTY,333788,1162
ATL,UNST,ATLANTA,CVG,UNST,CINCINNATI,333040,600
FRA,GERF,FRANKFURT,LEJ,GERF,LEIPZIG,332750,310
ALC,SPAN,ALICANTE,BCN,SPAN,BARCELONA,332715,392
CRP,UNST,CORPUS CHRISTI,DAL,UNST,DALLAS **,332426,578
HOU,UNST,HOUSTON **,MAF,UNST,MIDLAND/ODESSA,332342,706
CAI,EGYP,CAIRO,LON,UNKG,LONDON **,332293,3541
BKK,THAI,BANGKOK,RGN,BURM,RANGOON,331724,579
FMY,UNST,FORT MYERS,IND,UNST,INDIANAPOLIS,330542,1517
PAR,FRAN,PARIS **,STR,GERF,STUTTGART,330049,500
KUL,MALB,KUALA LUMPUR,TYO,JAPN,TOKYO **,330009,5316
PAR,FRAN,PARIS **,YTO,CAND,TORONTO,329911,6019
NYC,UNST,NEW YORK **,SEL,KORR,SEOUL **,329755,11048
AMS,NETH,AMSTERDAM,AYT,TURK,ANTALYA,329732,2651
DET,UNST,DETROIT **,FRA,GERF,FRANKFURT,328866,6639
BHM,UNST,BIRMINGHAM,CHI,UNST,CHICAGO **,328736,926
BNE,ASTL,BRISBANE,SIN,SING,SINGAPORE **,328111,6158
MUC,GERF,MUNICH,VIE,AUST,VIENNA,327879,358
PHL,UNST,PHILADELPHIA,SAN,UNST,SAN DIEGO,327580,3803
CFU,GREC,CORFU,LON,UNKG,LONDON **,327512,2044
MIL,ITAL,MILANO **,TLV,ISRL,TEL AVIV,327496,2682
ROM,ITAL,ROMA **,ZRH,SWTZ,ZURICH,327470,692
PHX,UNST,PHOENIX,SNA,UNST,ORANGE COUNT,327354,541
CAN,CHIN,GUANGZHOU,HKG,HONG,HONG KONG,326904,134
MKE,UNST,MILWAUKEE,PHX,UNST,PHOENIX,326218,2346
LAX,UNST,LOS ANGELES **,MKE,UNST,MILWAUKEE,324658,2818
LGB,UNST,LONG BEACH,PHX,UNST,PHOENIX,323752,567
CHS,UNST,CHARLESTON,NYC,UNST,NEW YORK **,323512,1024
DEN,UNST,DENVER,OMA,UNST,OMAHA,323492,777
CPH,DENM,COPENHAGEN **,ZRH,SWTZ,ZURICH,322661,950
MBJ,JAMC,MONTEGO BAY,NYC,UNST,NEW YORK **,322132,2501
HOU,UNST,HOUSTON **,MIA,UNST,MIAMI **,321972,1536
BOS,UNST,BOSTON,FRA,GERF,FRANKFURT,321141,5885
LAX,UNST,LOS ANGELES **,PVD,UNST,PROVIDENCE,321118,4159
MKE,UNST,MILWAUKEE,WAS,UNST,WASHINGTON **,320646,1002
FLR,ITAL,FLORENCE,PAR,FRAN,PARIS **,320477,870
IBZ,SPAN,IBIZA,MAN,UNKG,MANCHESTER,320187,1633
PHL,UNST,PHILADELPHIA,SEA,UNST,SEATTLE,319986,3814
LAX,UNST,LOS ANGELES **,SAT,UNST,SAN ANTONIO,319782,1943
MIA,UNST,MIAMI **,RIO,BRAZ,RIO DE JANEIRO **,319765,6726
HOU,UNST,HOUSTON **,PAR,FRAN,PARIS **,319640,8093
PMI,SPAN,PALMA DE MALLORCA,VLC,SPAN,VALENCIA,319255,274
ATL,UNST,ATLANTA,IND,UNST,INDIANAPOLIS,319018,696
BRU,BELG,BRUSSELS,MAN,UNKG,MANCHESTER,318947,535
SFO,UNST,SAN FRANCISCO,STL,UNST,ST LOUIS,318314,2785
BNA,UNST,NASHVILLE,MSY,UNST,NEW ORLEANS,317674,760
BJS,CHIN,BEIJING,FRA,GERF,FRANKFURT,317576,7782
CRP,UNST,CORPUS CHRISTI,HOU,UNST,HOUSTON **,317562,300
FRA,GERF,FRANKFURT,GVA,SWTZ,GENEVA,317370,460
CGN,GERF,COLOGNE,FRA,GERF,FRANKFURT,316937,136
AYT,TURK,ANTALYA,STR,GERF,STUTTGART,316860,2181
LAX,UNST,LOS ANGELES **,PPT,FREP,PAPEETE,316357,6606
DUS,GERF,DUSSELDORF,ZRH,SWTZ,ZURICH,316174,445
CLE,UNST,CLEVELAND,FLL,UNST,FORT LAUDERDALE,316108,1713
AMS,NETH,AMSTERDAM,ATH,GREC,ATHENS,315978,2172
GUA,GUAT,GUATEMALA CITY,MIA,UNST,MIAMI **,315797,1642
BCN,SPAN,BARCELONA,LTN,UNKG,LUTON,315757,1189
CHI,UNST,CHICAGO **,MEM,UNST,MEMPHIS,315498,782
ATH,GREC,ATHENS,MUC,GERF,MUNICH,315409,1496
LAX,UNST,LOS ANGELES **,SJD,MEXC,SAN SOSE CABO,315229,1477
MAD,SPAN,MADRID **,ZRH,SWTZ,ZURICH,314494,1239
CLE,UNST,CLEVELAND,SFO,UNST,SAN FRANCISCO,314060,3468
BUE,ARGT,BUENOS AIRES **,NYC,UNST,NEW YORK **,314019,8520
HKG,HONG,HONG KONG,JKT,INDO,JAKARTA **,313712,3265
BGA,COLM,BUCARAMANGA,BOG,COLM,BOGOTA,313462,289
CGN,GERF,COLOGNE,HAM,GERF,HAMBURG,313313,363
BFS,UNKG,BELFAST **,LTN,UNKG,LUTON,313047,481
MSP,UNST,MINNEAPOLIS,TYO,JAPN,TOKYO **,312895,9597
LON,UNKG,LONDON **,PFO,CYPR,PAPHOS,312482,3223
AYT,TURK,ANTALYA,MUC,GERF,MUNICH,311711,1991
FRA,GERF,FRANKFURT,SAO,BRAZ,SAO PAULO **,311504,9802
LAX,UNST,LOS ANGELES **,RDU,UNST,RALEIGH/DURHAM,311452,3592
ELP,UNST,EL PASO,LAX,UNST,LOS ANGELES **,310444,1146
MSP,UNST,MINNEAPOLIS,TPA,UNST,"TAMPA, FL **",310152,2106
BCN,SPAN,BARCELONA,ZRH,SWTZ,ZURICH,309459,854
CMH,UNST,"COLUMBUS, OH **",STL,UNST,ST LOUIS,309124,657
AMS,NETH,AMSTERDAM,BKK,THAI,BANGKOK,308860,9169
MUC,GERF,MUNICH,ZRH,SWTZ,ZURICH,308473,247
GVA,SWTZ,GENEVA,NCE,FRAN,NICE,308398,298
FRA,GERF,FRANKFURT,JNB,SOUF,JOHANNESBURG,308030,8694
BIA,FRAN,BASTIA,PAR,FRAN,PARIS **,307811,880
ORL,UNST,ORLANDO,SLC,UNST,SALT LAKE CITY,307456,3090
ATH,GREC,ATHENS,AXD,GREC,ALEXANDROUPOLIS,307452,379
BOS,UNST,BOSTON,PAR,FRAN,PARIS **,307397,5530
LON,UNKG,LONDON **,YMQ,CAND,MONTREAL **,307114,5181
CFE,FRAN,CLERMONT-FERRAND,PAR,FRAN,PARIS **,307046,333
HOU,UNST,HOUSTON **,MSP,UNST,MINNEAPOLIS,305686,1704
NTE,FRAN,NANTES,PAR,FRAN,PARIS **,305624,345
NAP,ITAL,NAPOLI,ROM,ITAL,ROMA **,305325,199
BLQ,ITAL,BOLOGNA,LON,UNKG,LONDON **,305252,1172
BUR,UNST,BURBANK,PDX,UNST,PORTLAND,305050,1315
FRA,GERF,FRANKFURT,OSA,JAPN,OSAKA,304845,9230
FRA,GERF,FRANKFURT,MAN,UNKG,MANCHESTER,304843,831
BRU,BELG,BRUSSELS,STO,SWED,STOCKHOLM **,304672,1266
ATH,GREC,ATHENS,NYC,UNST,NEW YORK **,304458,7922
BKK,THAI,BANGKOK,MNL,PHIL,MANILA,304417,2200
IBZ,SPAN,IBIZA,PMI,SPAN,PALMA DE MALLORCA,304377,141
IST,TURK,ISTANBUL,ZRH,SWTZ,ZURICH,303877,1761
SGN,VTND,HO CHI MINH CITY,TPE,TAIW,TAIPEI,303546,2228
SLC,UNST,SALT LAKE CITY,WAS,UNST,WASHINGTON **,303482,2952
DPS,INDO,DENPASAR (BALI),TYO,JAPN,TOKYO **,303269,5557
PAR,FRAN,PARIS **,PRG,CZCH,PRAGUE,302634,883
BRU,BELG,BRUSSELS,MUC,GERF,MUNICH,302223,604
LON,UNKG,LONDON **,MOW,RUSF,MOSCOU **,302073,2547
JAX,UNST,JACKSONVILLE,PHL,UNST,PHILADELPHIA,301536,1201
SEA,UNST,SEATTLE,STL,UNST,ST LOUIS,301498,2742
ABQ,UNST,ALBUQUERQUE,HOU,UNST,HOUSTON **,301458,1218
MAD,SPAN,MADRID **,MEX,MEXC,MEXICO CITY,301271,9062
BOS,UNST,BOSTON,CLT,UNST,CHARLOTTE,300680,1170
IBZ,SPAN,IBIZA,MAD,SPAN,MADRID **,300643,457
MOW,RUSF,MOSCOU **,PAR,FRAN,PARIS **,300290,2483
ELP,UNST,EL PASO,LAS,UNST,LAS VEGAS,300272,939
AUA,NETS,ARUBA /ORANJESTAD,MIA,UNST,MIAMI **,300205,1827
BER,GERF,BERLIN **,ZRH,SWTZ,ZURICH,300004,656
DEN,UNST,DENVER,MIA,UNST,MIAMI **,299852,2758
ACE,SPNA,ARRECIFE,TCI,SPNA,TENERIFE **,299461,298
BWI,UNST,BALTIMORE,SAT,UNST,SAN ANTONIO,299438,2260
CPH,DENM,COPENHAGEN **,MIL,ITAL,MILANO **,298997,1149
ABE,UNST,ALLENTOWN,ORL,UNST,ORLANDO,298516,1450
SLC,UNST,SALT LAKE CITY,SMF,UNST,SACRAMENTO,298206,853
OMA,UNST,OMAHA,STL,UNST,ST LOUIS,297962,549
LON,UNKG,LONDON **,TLS,FRAN,TOULOUSE,297912,870
FLL,UNST,FORT LAUDERDALE,IND,UNST,INDIANAPOLIS,297796,1621
DUB,IRLD,DUBLIN,LTN,UNKG,LUTON,297555,433
FDF,MART,FORT DE FRANCE,PTP,GUAD,POINTE A PITRE,297092,196
BFS,UNKG,BELFAST **,LPL,UNKG,LIVERPOOL,297010,247
BNA,UNST,NASHVILLE,MKC,UNST,KANSAS CITY,296206,770
AHO,ITAL,ALGHERO,ROM,ITAL,ROMA **,296087,354
AMS,NETH,AMSTERDAM,HEL,FINL,HELSINKI,295521,1519
GLA,UNKG,GLASGOW **,PMI,SPAN,PALMA DE MALLORCA,295452,1887
BKK,THAI,BANGKOK,SGN,VTND,HO CHI MINH CITY,295401,741
SJC,UNST,SAN JOSE,SLC,UNST,SALT LAKE CITY,294974,939
HKG,HONG,HONG KONG,XMN,CHIN,XIAMEN,294692,464
BOS,UNST,BOSTON,CLE,UNST,CLEVELAND,294086,903
PAR,FRAN,PARIS **,SAO,BRAZ,SAO PAULO **,294064,9378
ATL,UNST,ATLANTA,SAT,UNST,SAN ANTONIO,294052,1403
PHL,UNST,PHILADELPHIA,YTO,CAND,TORONTO,293880,558
BEY,LEBN,BEIRUT,PAR,FRAN,PARIS **,293836,3185
FLL,UNST,FORT LAUDERDALE,HOU,UNST,HOUSTON **,293678,1538
ATH,GREC,ATHENS,BRU,BELG,BRUSSELS,293357,2091
BWI,UNST,BALTIMORE,SLC,UNST,SALT LAKE CITY,293124,2991
PIT,UNST,PITTSBURGH,SFO,UNST,SAN FRANCISCO,293086,3617
BOI,UNST,BOISE,GEG,UNST,SPOKANE,292950,463
BWI,UNST,BALTIMORE,NYC,UNST,NEW YORK **,292680,288
FRA,GERF,FRANKFURT,WAW,POLD,WARSAW,292520,896
MIA,UNST,MIAMI **,POS,TRIN,PORT OF SPAIN,292496,2611
BOS,UNST,BOSTON,MSY,UNST,NEW ORLEANS,292452,2200
STO,SWED,STOCKHOLM **,ZRH,SWTZ,ZURICH,292036,1458
FOC,CHIN,FUZHOU,HKG,HONG,HONG KONG,292000,664
LAX,UNST,LOS ANGELES **,MEL,ASTL,MELBOURNE **,291678,12748
FRA,GERF,FRANKFURT,NCE,FRAN,NICE,291596,715
BRU,BELG,BRUSSELS,VIE,AUST,VIENNA,291131,921
FMY,UNST,FORT MYERS,PHL,UNST,PHILADELPHIA,291046,1600
ATH,GREC,ATHENS,MJT,GREC,MITILINI,290992,315
ATH,GREC,ATHENS,CFU,GREC,CORFU,290926,401
CVG,UNST,CINCINNATI,MSP,UNST,MINNEAPOLIS,290750,959
LON,UNKG,LONDON **,LOS,NIGR,LAGOS,290729,4984
BNA,UNST,NASHVILLE,FLL,UNST,FORT LAUDERDALE,290648,1278
LIS,PORT,LISBON,PDL,PORT,PONTA DELGADA (ACORES),289976,1445
ABQ,UNST,ALBUQUERQUE,CHI,UNST,CHICAGO **,289748,1811
LAS,UNST,LAS VEGAS,MSY,UNST,NEW ORLEANS,289718,2409
PVD,UNST,PROVIDENCE,WAS,UNST,WASHINGTON **,289640,584
STO,SWED,STOCKHOLM **,VBY,SWED,VISBY,289120,188
MAD,SPAN,MADRID **,SAO,BRAZ,SAO PAULO **,289056,8383
LON,UNKG,LONDON **,SFB,UNST,SANFORD,288967,6908
CHI,UNST,CHICAGO **,SMF,UNST,SACRAMENTO,288708,2880
MAD,SPAN,MADRID **,MUC,GERF,MUNICH,287721,1479
BCN,SPAN,BARCELONA,MUC,GERF,MUNICH,287634,1072
PHX,UNST,PHOENIX,WAS,UNST,WASHINGTON **,287258,3161
SAT,UNST,SAN ANTONIO,WAS,UNST,WASHINGTON **,287176,2203
HEL,FINL,HELSINKI,RVN,FINL,ROVANIEMI,286758,696
AMS,NETH,AMSTERDAM,EDI,UNKG,EDINBURGH,286253,665
CVG,UNST,CINCINNATI,ORL,UNST,ORLANDO,285928,1208
MAN,UNKG,MANCHESTER,SFB,UNST,SANFORD,285208,6768
HFD,UNST,HARTFORD SPRINGFIELDS,PHX,UNST,PHOENIX,285114,3553
MAN,UNKG,MANCHESTER,ORL,UNST,ORLANDO,285047,6795
BLQ,ITAL,BOLOGNA,PAR,FRAN,PARIS **,284990,824
BOI,UNST,BOISE,SLC,UNST,SALT LAKE CITY,284940,467
MAH,SPAN,MAHON,PMI,SPAN,PALMA DE MALLORCA,284559,134
MIA,UNST,MIAMI **,MSP,UNST,MINNEAPOLIS,284428,2418
ATL,UNST,ATLANTA,AUS,UNST,AUSTIN,284248,1304
LTN,UNKG,LUTON,PMI,SPAN,PALMA DE MALLORCA,283639,1389
MIL,ITAL,MILANO **,MUC,GERF,MUNICH,283593,354
HFD,UNST,HARTFORD SPRINGFIELDS,LAS,UNST,LAS VEGAS,283464,3687
GIZ,SAUD,GIZAN,JED,SAUD,JEDDAH,283000,618
FLL,UNST,FORT LAUDERDALE,PVD,UNST,PROVIDENCE,282986,1916
DAL,UNST,DALLAS **,FRA,GERF,FRANKFURT,282890,8245
AMS,NETH,AMSTERDAM,NBO,KENY,NAIROBI **,282300,6673
KUL,MALB,KUALA LUMPUR,SYD,ASTL,SYDNEY,282038,6608
BOS,UNST,BOSTON,CVG,UNST,CINCINNATI,281630,1207
LAX,UNST,LOS ANGELES **,PIT,UNST,PITTSBURGH,281184,3427
CHI,UNST,CHICAGO **,YVR,CAND,VANCOUVER,281047,2854
HEL,FINL,HELSINKI,PAR,FRAN,PARIS **,280633,1926
BIO,SPAN,BILBAO,LON,UNKG,LONDON **,279956,903
LIM,PERU,LIMA,SCL,CHIL,SANTIAGO DE CHILE,279729,2480
ATL,UNST,ATLANTA,MKE,UNST,MILWAUKEE,279576,1076
AMS,NETH,AMSTERDAM,PRG,CZCH,PRAGUE,279207,715
CHI,UNST,CHICAGO **,OAK,UNST,OAKLAND,279046,2968
HEL,FINL,HELSINKI,KUO,FINL,KUOPIO,278822,335
BKK,THAI,BANGKOK,ZRH,SWTZ,ZURICH,278436,9018
CLE,UNST,CLEVELAND,DAL,UNST,DALLAS **,278344,1637
SEL,KORR,SEOUL **,SYD,ASTL,SYDNEY,277990,8333
CVG,UNST,CINCINNATI,WAS,UNST,WASHINGTON **,277956,642
MAN,UNKG,MANCHESTER,PFO,CYPR,PAPHOS,277898,3402
AMS,NETH,AMSTERDAM,NCE,FRAN,NICE,277683,978
CGN,GERF,COLOGNE,LON,UNKG,LONDON **,277565,558
AMS,NETH,AMSTERDAM,LIS,PORT,LISBON,277216,1848
BKK,THAI,BANGKOK,KHH,TAIW,KAOHSIUNG,276782,2299
OSL,NORW,OSLO **,PAR,FRAN,PARIS **,276594,1348
HAJ,GERF,HANOVER,LON,UNKG,LONDON **,276566,732
PUS,KORR,PUSAN,SYD,ASTL,SYDNEY,276266,8013
PHL,UNST,PHILADELPHIA,STL,UNST,ST LOUIS,275956,1305
AGP,SPAN,MALAGA,FRA,GERF,FRANKFURT,275908,1817
PAR,FRAN,PARIS **,SIN,SING,SINGAPORE **,275518,10734
AMS,NETH,AMSTERDAM,BUD,HUNG,BUDAPEST,275301,1166
DXB,UNAR,DUBAI,FRA,GERF,FRANKFURT,275253,4838
SGN,VTND,HO CHI MINH CITY,SIN,SING,SINGAPORE **,274607,1092
KIN,JAMC,KINGSTON,NYC,UNST,NEW YORK **,274564,2549
BOS,UNST,BOSTON,CMH,UNST,"COLUMBUS, OH **",274294,1027
AKL,NEWZ,AUCKLAND,SIN,SING,SINGAPORE **,274178,8404
AMS,NETH,AMSTERDAM,GOT,SWED,GOTEBORG **,273159,775
AYT,TURK,ANTALYA,BER,GERF,BERLIN **,272952,2196
AMS,NETH,AMSTERDAM,SIN,SING,SINGAPORE **,272923,10505
DEN,UNST,DENVER,SMF,UNST,SACRAMENTO,272886,1437
BWI,UNST,BALTIMORE,PDX,UNST,PORTLAND,272662,3784
AIY,UNST,ATLANTIC CITY,ORL,UNST,ORLANDO,272360,1360
CLT,UNST,CHARLOTTE,LAX,UNST,LOS ANGELES **,272178,3411
PWM,UNST,"PORTLAND (PWM, PDX)",WAS,UNST,WASHINGTON **,271726,784
BHX,UNKG,BIRMINGHAM,TCI,SPNA,TENERIFE **,271634,2947
LON,UNKG,LONDON **,YYC,CAND,CALGARY,271166,7010
DUS,GERF,DUSSELDORF,STR,GERF,STUTTGART,271043,338
HKT,THAI,PHUKET,SIN,SING,SINGAPORE **,270643,981
BWI,UNST,BALTIMORE,IND,UNST,INDIANAPOLIS,270176,827
HKG,HONG,HONG KONG,YTO,CAND,TORONTO,270092,12531
FRA,GERF,FRANKFURT,OSL,NORW,OSLO **,269948,1104
FMY,UNST,FORT MYERS,MSP,UNST,MINNEAPOLIS,269242,2273
CMH,UNST,"COLUMBUS, OH **",DAL,UNST,DALLAS **,269104,1485
HOU,UNST,HOUSTON **,SLC,UNST,SALT LAKE CITY,268966,1948
BUD,HUNG,BUDAPEST,ZRH,SWTZ,ZURICH,268846,802
FLL,UNST,FORT LAUDERDALE,STL,UNST,ST LOUIS,268548,1701
BJS,CHIN,BEIJING,BKK,THAI,BANGKOK,268134,3266
MKE,UNST,MILWAUKEE,TPA,UNST,"TAMPA, FL **",268120,1733
IST,TURK,ISTANBUL,STR,GERF,STUTTGART,267936,1761
ABQ,UNST,ALBUQUERQUE,WAS,UNST,WASHINGTON **,267770,2630
AMS,NETH,AMSTERDAM,ATL,UNST,ATLANTA,267556,7061
CLT,UNST,CHARLOTTE,ORL,UNST,ORLANDO,267480,744
AUS,UNST,AUSTIN,BWI,UNST,BALTIMORE,267336,2151
BHM,UNST,BIRMINGHAM,MSY,UNST,NEW ORLEANS,267250,518
BRU,BELG,BRUSSELS,GVA,SWTZ,GENEVA,267183,532
BHX,UNKG,BIRMINGHAM,GLA,UNKG,GLASGOW **,266905,416
IND,UNST,INDIANAPOLIS,PHL,UNST,PHILADELPHIA,266872,943
IST,TURK,ISTANBUL,NYC,UNST,NEW YORK **,266200,8053
GSP,UNST,GREENVILLE/SPARTANBURG,NYC,UNST,NEW YORK **,266080,970
BKK,THAI,BANGKOK,SHA,CHIN,SHANGHAI **,266055,2877
MKC,UNST,KANSAS CITY,SEA,UNST,SEATTLE,265938,2409
MKC,UNST,KANSAS CITY,SAN,UNST,SAN DIEGO,265476,2147
ATL,UNST,ATLANTA,PDX,UNST,PORTLAND,265068,3486
CVG,UNST,CINCINNATI,DEN,UNST,DENVER,265066,1734
AUS,UNST,AUSTIN,DEN,UNST,DENVER,265058,1237
ADZ,COLM,SAN ANDRES I.,BOG,COLM,BOGOTA,264907,1206
DEL,INDA,DELHI,LON,UNKG,LONDON **,264630,6755
BHX,UNKG,BIRMINGHAM,EDI,UNKG,EDINBURGH,264337,403
ABQ,UNST,ALBUQUERQUE,SAN,UNST,SAN DIEGO,264272,1009
MIA,UNST,MIAMI **,TPA,UNST,"TAMPA, FL **",264192,328
LAS,UNST,LAS VEGAS,RDU,UNST,RALEIGH/DURHAM,263762,3252
AYT,TURK,ANTALYA,HAJ,GERF,HANOVER,263470,2382
PVD,UNST,PROVIDENCE,SFO,UNST,SAN FRANCISCO,262864,4318
FAO,PORT,FARO,LIS,PORT,LISBON,262636,220
BKK,THAI,BANGKOK,PNH,KHMR,PHNOM-PENH,262607,530
NCE,FRAN,NICE,ZRH,SWTZ,ZURICH,262559,433
ATL,UNST,ATLANTA,SJC,UNST,SAN JOSE,262136,3393
FRA,GERF,FRANKFURT,MIA,UNST,MIAMI **,261856,7757
LON,UNKG,LONDON **,NBO,KENY,NAIROBI **,261810,6840
BOS,UNST,BOSTON,SLC,UNST,SALT LAKE CITY,261278,3377
BUF,UNST,BUFFALO,TPA,UNST,"TAMPA, FL **",261074,1698
AMS,NETH,AMSTERDAM,TCI,SPNA,TENERIFE **,261038,3196
CLT,UNST,CHARLOTTE,SFO,UNST,SAN FRANCISCO,260880,3686
ABQ,UNST,ALBUQUERQUE,OAK,UNST,OAKLAND,260672,1426
SAN,UNST,SAN DIEGO,STL,UNST,ST LOUIS,260380,2499
BNA,UNST,NASHVILLE,LAS,UNST,LAS VEGAS,260342,2548
ABQ,UNST,ALBUQUERQUE,NYC,UNST,NEW YORK **,260264,2911
DUS,GERF,DUSSELDORF,MIL,ITAL,MILANO **,260044,660
TYO,JAPN,TOKYO **,YVR,CAND,VANCOUVER,259791,7556
NYC,UNST,NEW YORK **,SDF,UNST,LOUISVILLE,259780,1047
NYC,UNST,NEW YORK **,RIO,BRAZ,RIO DE JANEIRO **,259777,7756
NYC,UNST,NEW YORK **,SRQ,UNST,SARASOTA,259750,1678
LON,UNKG,LONDON **,RTM,NETH,ROTTERDAM,259713,369
BRU,BELG,BRUSSELS,BER,GERF,BERLIN **,259580,634
AUS,UNST,AUSTIN,ELP,UNST,EL PASO,259368,843
KUL,MALB,KUALA LUMPUR,MAA,INDA,CHENNAI/MADRAS,259266,2608
ATL,UNST,ATLANTA,CAK,UNST,AKRON/CANTON,259238,849
BWI,UNST,BALTIMORE,MIA,UNST,MIAMI **,259184,1523
CAI,EGYP,CAIRO,RUH,SAUD,RIYADH,259000,1623
CVG,UNST,CINCINNATI,LAX,UNST,LOS ANGELES **,258806,3049
CHI,UNST,CHICAGO **,TUS,UNST,TUCSON,258690,2325
MAH,SPAN,MAHON,MAN,UNKG,MANCHESTER,258592,1577
MEX,MEXC,MEXICO CITY,PAR,FRAN,PARIS **,258072,9194
CVG,UNST,CINCINNATI,PHL,UNST,PHILADELPHIA,257840,814
HOU,UNST,HOUSTON **,LBB,UNST,LUBBOCK,257834,762
HER,GREC,IRAKLION,LON,UNKG,LONDON **,257817,2725
BIA,FRAN,BASTIA,MRS,FRAN,MARSEILLE,257275,360
ATL,UNST,ATLANTA,MYR,UNST,MYRTLE BEACH,257180,505
MPK,KORR,MOKPO,SEL,KORR,SEOUL **,256885,313
MKC,UNST,KANSAS CITY,OKC,UNST,OKLAHOMA CITY,256392,492
ELP,UNST,EL PASO,SAT,UNST,SAN ANTONIO,256278,797
MOZ,FREP,MOOREA,PPT,FREP,PAPEETE,256273,25
IND,UNST,INDIANAPOLIS,WAS,UNST,WASHINGTON **,255938,783
ATH,GREC,ATHENS,JTR,GREC,THIRA (SANTORIN),255656,228
CHI,UNST,CHICAGO **,RNO,UNST,RENO,255596,2705
LON,UNKG,LONDON **,MRS,FRAN,MARSEILLE,255256,984
DUS,GERF,DUSSELDORF,FUE,SPNA,PUERTO DEL ROSARIO,255036,3059
OKA,JAPN,OKINAWA,TPE,TAIW,TAIPEI,254931,626
ELP,UNST,EL PASO,HOU,UNST,HOUSTON **,254686,1085
AJA,FRAN,AJACCIO,MRS,FRAN,MARSEILLE,254599,338
FLL,UNST,FORT LAUDERDALE,MSY,UNST,NEW ORLEANS,254492,1082
HOU,UNST,HOUSTON **,SJC,UNST,SAN JOSE,254180,2600
FRA,GERF,FRANKFURT,PHL,UNST,PHILADELPHIA,254140,6334
FLL,UNST,FORT LAUDERDALE,PIT,UNST,PITTSBURGH,254126,1602
DUS,GERF,DUSSELDORF,NYC,UNST,NEW YORK **,253845,6018
CLE,UNST,CLEVELAND,FMY,UNST,FORT MYERS,253550,1648
BUD,HUNG,BUDAPEST,PAR,FRAN,PARIS **,253362,1257
CHI,UNST,CHICAGO **,ISP,UNST,LONG ISLAND MACARTHUR,253334,1217
BRE,GERF,BREMEN,MUC,GERF,MUNICH,252587,584
CMB,SRIL,COLOMBO,SIN,SING,SINGAPORE **,252531,2746
MEM,UNST,MEMPHIS,ORL,UNST,ORLANDO,252340,1090
BDA,BERM,BERMUDA,NYC,UNST,NEW YORK **,252006,1246
BCN,SPAN,BARCELONA,LIS,PORT,LISBON,251904,994
MIL,ITAL,MILANO **,TYO,JAPN,TOKYO **,251621,9728
PUS,KORR,PUSAN,SHE,CHIN,SHENYANG,251274,870
HFD,UNST,HARTFORD SPRINGFIELDS,RDU,UNST,RALEIGH/DURHAM,251238,855
JED,SAUD,JEDDAH,TUU,SAUD,TABUK,251000,806
PAR,FRAN,PARIS **,WAW,POLD,WARSAW,250698,1365
ATL,UNST,ATLANTA,ZRH,SWTZ,ZURICH,250642,7527
PHX,UNST,PHOENIX,SAT,UNST,SAN ANTONIO,250538,1355
SJC,UNST,SAN JOSE,WAS,UNST,WASHINGTON **,250502,3871
SFT,SWED,SKELLEFTEA,STO,SWED,STOCKHOLM **,250209,609
MCM,MONC,MONACO,MIL,ITAL,MILANO **,250063,236
SFO,UNST,SAN FRANCISCO,TPA,UNST,"TAMPA, FL **",250040,3842
BKK,THAI,BANGKOK,DEL,INDA,DELHI,249918,2917
CHI,UNST,CHICAGO **,PBI,UNST,PALM BEACH,249824,1822
BHM,UNST,BIRMINGHAM,ORL,UNST,ORLANDO,249716,759
LAX,UNST,LOS ANGELES **,PVR,MEXC,PUERTO-VALLARTA,249420,1958
IND,UNST,INDIANAPOLIS,SFO,UNST,SAN FRANCISCO,249310,3119
PHX,UNST,PHOENIX,PVD,UNST,PROVIDENCE,249112,3656
AUS,UNST,AUSTIN,SFO,UNST,SAN FRANCISCO,248686,2407
DAL,UNST,DALLAS **,MTY,MEXC,MONTERREY,248106,843
CLT,UNST,CHARLOTTE,LON,UNKG,LONDON **,248087,6386
DUB,IRLD,DUBLIN,FRA,GERF,FRANKFURT,247507,1085
HOU,UNST,HOUSTON **,MTY,MEXC,MONTERREY,247451,643
EIS,BRIV,ROADTOWN/BEEF ISLAND,SJU,PURI,SAN JUAN,247419,153
BOD,FRAN,BORDEAUX,LYS,FRAN,LYON **,247396,453
LTN,UNKG,LUTON,ZRH,SWTZ,ZURICH,247211,807
MUC,GERF,MUNICH,ROM,ITAL,ROMA **,247141,705
LIT,UNST,LITTLE ROCK,STL,UNST,ST LOUIS,247034,476
FRA,GERF,FRANKFURT,MEX,MEXC,MEXICO CITY,246785,9546
MAD,SPAN,MADRID **,XRY,SPAN,JEREZ,246726,467
ATL,UNST,ATLANTA,SNA,UNST,ORANGE COUNT,246610,3079
LYS,FRAN,LYON **,TLS,FRAN,TOULOUSE,246589,366
DUB,IRLD,DUBLIN,ORK,IRLD,CORK,246476,233
CPH,DENM,COPENHAGEN **,MUC,GERF,MUNICH,246347,834
MLB,UNST,MELBOURNE,NYC,UNST,NEW YORK **,246302,1531
MSP,UNST,MINNEAPOLIS,PIT,UNST,PITTSBURGH,245492,1167
AMS,NETH,AMSTERDAM,LPL,UNKG,LIVERPOOL,245446,526
ATH,GREC,ATHENS,ZRH,SWTZ,ZURICH,245439,1627
HKG,HONG,HONG KONG,MEL,ASTL,MELBOURNE **,245339,7405
DUS,GERF,DUSSELDORF,VIE,AUST,VIENNA,245179,784
HAM,GERF,HAMBURG,ZRH,SWTZ,ZURICH,245168,694
BOM,INDA,BOMBAY,FRA,GERF,FRANKFURT,245019,6565
DEN,UNST,DENVER,IND,UNST,INDIANAPOLIS,244838,1586
HKG,HONG,HONG KONG,SGN,VTND,HO CHI MINH CITY,244711,1510
OSA,JAPN,OSAKA **,PAR,FRAN,PARIS **,243887,9625
ORL,UNST,ORLANDO,PDX,UNST,PORTLAND,243700,4060
HGH,CHIN,HANGZHOU,HKG,HONG,HONG KONG,243682,1072
BWN,BRUN,BANDAR SERI BEGAWAN,SIN,SING,SINGAPORE **,243654,1275
EMA,UNKG,EAST MIDLANDS,PMI,SPAN,PALMA DE MALLORCA,243570,1508
BHX,UNKG,BIRMINGHAM,BRU,BELG,BRUSSELS,243377,463
CHI,UNST,CHICAGO **,MIL,ITAL,MILANO **,243257,7269
LON,UNKG,LONDON **,MEL,ASTL,MELBOURNE **,243025,16934
CFU,GREC,CORFU,MAN,UNKG,MANCHESTER,242963,2249
IND,UNST,INDIANAPOLIS,STL,UNST,ST LOUIS,242782,368
MKC,UNST,KANSAS CITY,TPA,UNST,"TAMPA, FL **",242522,1664
BRU,BELG,BRUSSELS,TCI,SPNA,TENERIFE **,242507,3066
DUB,IRLD,DUBLIN,EDI,UNKG,EDINBURGH,242385,336
CHI,UNST,CHICAGO **,LIT,UNST,LITTLE ROCK,242158,888
NUE,GERF,NUREMBERG,PMI,SPAN,PALMA DE MALLORCA,242049,1287
DEN,UNST,DENVER,OAK,UNST,OAKLAND,241734,1517
FRA,GERF,FRANKFURT,LYS,FRAN,LYON **,241653,549
BSL,SWTZ,BALE/MULOUSE,LON,UNKG,LONDON **,241380,729
LON,UNKG,LONDON **,TRN,ITAL,TORINO,241081,922
CLE,UNST,CLEVELAND,PHL,UNST,PHILADELPHIA,241010,583
CAI,EGYP,CAIRO,ROM,ITAL,ROMA **,240762,2147
NYC,UNST,NEW YORK **,SYR,UNST,SYRACUSE,240690,317
LAX,UNST,LOS ANGELES **,SAN,UNST,SAN DIEGO,240608,175
BOG,COLM,BOGOTA,SMR,COLM,SANTA MARTA,240496,715
CVG,UNST,CINCINNATI,SFO,UNST,SAN FRANCISCO,240364,3268
FUK,JAPN,FUKUOKA,HNL,UNST,HONOLULU,239931,7058
BLQ,ITAL,BOLOGNA,FRA,GERF,FRANKFURT,239487,645
AMS,NETH,AMSTERDAM,HKG,HONG,HONG KONG,239457,9281
BOS,UNST,BOSTON,MKE,UNST,MILWAUKEE,239202,1380
MAD,SPAN,MADRID **,PNA,SPAN,PAMPLONA,239067,302
JED,SAUD,JEDDAH,KRT,SUDN,KHARTOUM,239000,958
BHM,UNST,BIRMINGHAM,HOU,UNST,HOUSTON **,238848,918
DEN,UNST,DENVER,MSY,UNST,NEW ORLEANS,238832,1716
BOG,COLM,BOGOTA,PEI,COLM,PEREIRA,238601,178
ABY,UNST,ALBANY,CHI,UNST,CHICAGO **,238306,1188
BRU,BELG,BRUSSELS,HEL,FINL,HELSINKI,238206,1646
PHX,UNST,PHOENIX,TPA,UNST,"TAMPA, FL **",238086,2873
ALC,SPAN,ALICANTE,PMI,SPAN,PALMA DE MALLORCA,237924,308
AMS,NETH,AMSTERDAM,HAM,GERF,HAMBURG,237845,377
LAS,UNST,LAS VEGAS,PIT,UNST,PITTSBURGH,237844,3066
CHI,UNST,CHICAGO **,TUL,UNST,TULSA,237694,950
AMS,NETH,AMSTERDAM,NCL,UNKG,NEWCASTLE,237393,522
IST,TURK,ISTANBUL,TLV,ISRL,TEL AVIV,237292,1135
BOS,UNST,BOSTON,ROC,UNST,ROCHESTER,237236,550
ABQ,UNST,ALBUQUERQUE,DEN,UNST,DENVER,236968,546
ATL,UNST,ATLANTA,BNA,UNST,NASHVILLE,236964,344
AMS,NETH,AMSTERDAM,CHI,UNST,CHICAGO **,236960,6601
JAX,UNST,JACKSONVILLE,WAS,UNST,WASHINGTON **,236876,1023
PAR,FRAN,PARIS **,TRN,ITAL,TORINO,236782,560
ALC,SPAN,ALICANTE,AMS,NETH,AMSTERDAM,236628,1601
KUL,MALB,KUALA LUMPUR,PER,ASTL,PERTH,236554,4176
CLT,UNST,CHARLOTTE,TPA,UNST,"TAMPA, FL **",236264,820
DEN,UNST,DENVER,PIT,UNST,PITTSBURGH,236050,2089
DEN,UNST,DENVER,MKE,UNST,MILWAUKEE,236018,1457
DXB,UNAR,DUBAI,RUH,SAUD,RIYADH,236000,871
DXB,UNAR,DUBAI,JED,SAUD,JEDDAH,236000,1696
BKK,THAI,BANGKOK,DXB,UNAR,DUBAI,235963,4879
RNO,UNST,RENO,SNA,UNST,ORANGE COUNT,235712,670
LON,UNKG,LONDON **,RHO,GREC,RODOS,235685,2820
OKC,UNST,OKLAHOMA CITY,STL,UNST,ST LOUIS,235666,742
AMS,NETH,AMSTERDAM,SFO,UNST,SAN FRANCISCO,235599,8780
PRG,CZCH,PRAGUE,ZRH,SWTZ,ZURICH,235157,522
PSP,UNST,PALM SPRINGS,SEA,UNST,SEATTLE,235138,1589
BHX,UNKG,BIRMINGHAM,FRA,GERF,FRANKFURT,234918,765
BHM,UNST,BIRMINGHAM,NYC,UNST,NEW YORK **,234906,1382
NAP,ITAL,NAPOLI,TRN,ITAL,TORINO,234885,721
BWI,UNST,BALTIMORE,OAK,UNST,OAKLAND,234860,3926
GLA,UNKG,GLASGOW **,TCI,SPNA,TENERIFE **,234684,3211
LAS,UNST,LAS VEGAS,WAS,UNST,WASHINGTON **,234234,3335
AMS,NETH,AMSTERDAM,BER,GERF,BERLIN **,233964,584
CVG,UNST,CINCINNATI,TPA,UNST,"TAMPA, FL **",233786,1247
PIT,UNST,PITTSBURGH,WAS,UNST,WASHINGTON **,233620,312
MSP,UNST,MINNEAPOLIS,SAT,UNST,SAN ANTONIO,233566,1769
MSP,UNST,MINNEAPOLIS,PDX,UNST,PORTLAND,233460,2287
CVG,UNST,CINCINNATI,DAL,UNST,DALLAS **,233398,1300
HAV,CUBA,HAVANA,PAR,FRAN,PARIS **,233196,7729
ORL,UNST,ORLANDO,SAN,UNST,SAN DIEGO,232898,3441
BSL,SWTZ,BALE/MULOUSE,ZRH,SWTZ,ZURICH,232817,78
AUS,UNST,AUSTIN,WAS,UNST,WASHINGTON **,232784,2094
COS,UNST,COLORADO SPRINGS,DAL,UNST,DALLAS **,232494,950
MIL,ITAL,MILANO **,VCE,ITAL,VENICE,232420,264
NYC,UNST,NEW YORK **,PVD,UNST,PROVIDENCE,232330,239
RNB,SWED,RONNEBY,STO,SWED,STOCKHOLM **,231620,378
CMH,UNST,"COLUMBUS, OH **",FLL,UNST,FORT LAUDERDALE,231176,1569
BRE,GERF,BREMEN,PMI,SPAN,PALMA DE MALLORCA,231166,1569
IND,UNST,INDIANAPOLIS,MKC,UNST,KANSAS CITY,231160,715
BWI,UNST,BALTIMORE,SJC,UNST,SAN JOSE,231032,3912
BRS,UNKG,BRISTOL,DUB,IRLD,DUBLIN,230906,327
SAT,UNST,SAN ANTONIO,STL,UNST,ST LOUIS,230884,1265
CUN,MEXC,CANCUN,NYC,UNST,NEW YORK **,230688,2466
MIA,UNST,MIAMI **,ORL,UNST,ORLANDO,230356,322
JED,SAUD,JEDDAH,THR,IRAN,TEHRAN,230000,1966
BNE,ASTL,BRISBANE,TYO,JAPN,TOKYO **,229918,7184
AGP,SPAN,MALAGA,DUB,IRLD,DUBLIN,229816,1868
LAX,UNST,LOS ANGELES **,OMA,UNST,OMAHA,229186,2135
LYS,FRAN,LYON **,NCE,FRAN,NICE,229108,292
AMS,NETH,AMSTERDAM,GLA,UNKG,GLASGOW **,228928,715
DEN,UNST,DENVER,YTO,CAND,TORONTO,228708,2130
MAN,UNKG,MANCHESTER,MLA,MALT,MALTA,228427,2339
MIL,ITAL,MILANO **,REG,ITAL,REGGIO CALABRIA,228041,995
BVA,FRAN,BEAUVAIS,DUB,IRLD,DUBLIN,228000,728
ORL,UNST,ORLANDO,ROC,UNST,ROCHESTER,227822,1654
BKK,THAI,BANGKOK,CPH,DENM,COPENHAGEN **,227224,8601
AMS,NETH,AMSTERDAM,OSA,JAPN,OSAKA,227108,9207
HHN,GERF,HAHN,LON,UNKG,LONDON **,227025,588
BNA,UNST,NASHVILLE,PHX,UNST,PHOENIX,226688,2326
CLE,UNST,CLEVELAND,MSP,UNST,MINNEAPOLIS,226636,998
SYD,ASTL,SYDNEY,WLG,NEWZ,WELLINGTON,226524,2227
LON,UNKG,LONDON **,SEA,UNST,SEATTLE,226458,7696
JNB,SOUF,JOHANNESBURG,ZRH,SWTZ,ZURICH,226129,8421
AIY,UNST,ATLANTIC CITY,FLL,UNST,FORT LAUDERDALE,226122,1571
DUS,GERF,DUSSELDORF,IBZ,SPAN,IBIZA,226099,1442
OSA,JAPN,OSAKA **,SFO,UNST,SAN FRANCISCO,226050,8648
MIL,ITAL,MILANO **,VIE,AUST,VIENNA,226006,641
RUH,SAUD,RIYADH,TIF,SAUD,TAIF,226000,725
GIZ,SAUD,GIZAN,RUH,SAUD,RIYADH,226000,965
CMB,SRIL,COLOMBO,MLE,MALD,MALE,225905,781
AGP,SPAN,MALAGA,DUS,GERF,DUSSELDORF,225778,1852
LAX,UNST,LOS ANGELES **,SIN,SING,SINGAPORE **,225575,14094
MUC,GERF,MUNICH,NYC,UNST,NEW YORK **,225526,6488
FNI,FRAN,NIMES,PAR,FRAN,PARIS **,225366,565
DUS,GERF,DUSSELDORF,TCI,SPNA,TENERIFE **,225332,3207
AMS,NETH,AMSTERDAM,KUL,MALB,KUALA LUMPUR,225305,10195
HKG,HONG,HONG KONG,NGO,JAPN,NAGOYA,225217,2627
DAC,BANG,DHAKA,DXB,UNAR,DUBAI,224881,3538
BJS,CHIN,BEIJING,OSA,JAPN,OSAKA,224862,1780
DAL,UNST,DALLAS **,TYO,JAPN,TOKYO **,224554,10388
STL,UNST,ST LOUIS,TUL,UNST,TULSA,224212,563
DAC,BANG,DHAKA,RUH,SAUD,RIYADH,224000,4408
BOS,UNST,BOSTON,MKC,UNST,KANSAS CITY,223742,2011
ATL,UNST,ATLANTA,PHF,UNST,NEWPORT NEWS,223734,816
CMH,UNST,"COLUMBUS, OH **",SFO,UNST,SAN FRANCISCO,223534,3403
HOU,UNST,HOUSTON **,LIT,UNST,LITTLE ROCK,223442,634
NUE,GERF,NUREMBERG,BER,GERF,BERLIN **,223347,369
BHM,UNST,BIRMINGHAM,TPA,UNST,"TAMPA, FL **",223252,741
RNO,UNST,RENO,SLC,UNST,SALT LAKE CITY,223106,677
CAI,EGYP,CAIRO,FRA,GERF,FRANKFURT,222761,2919
CLE,UNST,CLEVELAND,DEN,UNST,DENVER,222730,1946
DEL,INDA,DELHI,FRA,GERF,FRANKFURT,222697,6118
CAY,FREG,CAYENNE,PAR,FRAN,PARIS **,222431,7089
NYC,UNST,NEW YORK **,TUS,UNST,TUCSON,221982,3413
AYT,TURK,ANTALYA,HAM,GERF,HAMBURG,221832,2451
LON,UNKG,LONDON **,VRN,ITAL,VERONA,221792,1081
MKE,UNST,MILWAUKEE,PHL,UNST,PHILADELPHIA,221582,1108
CLT,UNST,CHARLOTTE,DET,UNST,DETROIT **,221580,805
BOI,UNST,BOISE,LAX,UNST,LOS ANGELES **,221450,1087
BJS,CHIN,BEIJING,PAR,FRAN,PARIS **,221259,8214
DXB,UNAR,DUBAI,PAR,FRAN,PARIS **,221194,5240
AYT,TURK,ANTALYA,BRU,BELG,BRUSSELS,220674,2595
CHI,UNST,CHICAGO **,OKC,UNST,OKLAHOMA CITY,220202,1124
BRU,BELG,BRUSSELS,IST,TURK,ISTANBUL,220067,2166
NYC,UNST,NEW YORK **,POS,TRIN,PORT OF SPAIN,220057,3574
SIN,SING,SINGAPORE **,ZRH,SWTZ,ZURICH,220049,10298
SBA,UNST,SANTA BARBARA,SFO,UNST,SAN FRANCISCO,220032,421
BOM,INDA,BOMBAY,JED,SAUD,JEDDAH,220000,3513
MKC,UNST,KANSAS CITY,SFO,UNST,SAN FRANCISCO,219798,2418
CHI,UNST,CHICAGO **,STO,SWED,STOCKHOLM **,219769,6870
FLL,UNST,FORT LAUDERDALE,PHX,UNST,PHOENIX,219704,3168
NYC,UNST,NEW YORK **,STO,SWED,STOCKHOLM **,219686,6304
DLM,TURK,DALAMAN,LON,UNKG,LONDON **,219635,2837
CNS,ASTL,CAIRNS,TYO,JAPN,TOKYO **,219461,5860
ALC,SPAN,ALICANTE,BRU,BELG,BRUSSELS,219294,1445
MSP,UNST,MINNEAPOLIS,SLC,UNST,SALT LAKE CITY,219192,1591
BAH,BAHR,BAHRAIN,LON,UNKG,LONDON **,219099,5107
PAR,FRAN,PARIS **,PHL,UNST,PHILADELPHIA,218906,5979
LAX,UNST,LOS ANGELES **,MNL,PHIL,MANILA,218782,11733
DUB,IRLD,DUBLIN,LBA,UNKG,LEEDS,218654,307
NGO,JAPN,NAGOYA,SHA,CHIN,SHANGHAI **,218618,1495
FLL,UNST,FORT LAUDERDALE,SFO,UNST,SAN FRANCISCO,218382,4148
AHO,ITAL,ALGHERO,MIL,ITAL,MILANO **,218261,548
BOS,UNST,BOSTON,STL,UNST,ST LOUIS,217928,1680
ATL,UNST,ATLANTA,VPS,UNST,FT. WALTON BEACH,217684,404
CHI,UNST,CHICAGO **,SEL,KORR,SEOUL **,217422,10512
HOU,UNST,HOUSTON **,RDU,UNST,RALEIGH/DURHAM,217376,1688
LIS,PORT,LISBON,MIL,ITAL,MILANO **,217300,1667
LON,UNKG,LONDON **,REK,ICLD,REYKJAVIK **,217191,1881
PUS,KORR,PUSAN,TYO,JAPN,TOKYO **,216939,964
HOU,UNST,HOUSTON **,JAN,UNST,JACKSON,216922,578
MAN,UNKG,MANCHESTER,RHO,GREC,RODOS,216904,3008
BRU,BELG,BRUSSELS,CHI,UNST,CHICAGO **,216083,6663
CLE,UNST,CLEVELAND,WAS,UNST,WASHINGTON **,215944,483
MGA,NICG,MANAGUA,MIA,UNST,MIAMI **,215202,1640
DOH,QATR,DOHA,LON,UNKG,LONDON **,215059,5255
LON,UNKG,LONDON **,LUX,LUXM,LUXEMBOURG,215013,530
BCN,SPAN,BARCELONA,NYC,UNST,NEW YORK **,214914,6156
BUD,HUNG,BUDAPEST,MUC,GERF,MUNICH,214763,568
PUS,KORR,PUSAN,TAO,CHIN,QINGDAO,214696,803
CHI,UNST,CHICAGO **,ROC,UNST,ROCHESTER,214362,828
LAX,UNST,LOS ANGELES **,SAL,ELSA,SAN SALVADOR,214120,3706
HAS,SAUD,HAIL,RUH,SAUD,RIYADH,214000,584
MKC,UNST,KANSAS CITY,PHL,UNST,PHILADELPHIA,213672,1658
WAS,UNST,WASHINGTON **,YTO,CAND,TORONTO,213663,570
ATL,UNST,ATLANTA,BRU,BELG,BRUSSELS,213441,7101
DRS,GERF,DRESDEN,MUC,GERF,MUNICH,213412,365
AKL,NEWZ,AUCKLAND,HKG,HONG,HONG KONG,213268,9146
DET,UNST,DETROIT **,TYO,JAPN,TOKYO **,213163,10313
CMB,SRIL,COLOMBO,DXB,UNAR,DUBAI,213135,3289
BKK,THAI,BANGKOK,ROM,ITAL,ROMA **,213076,8842
OMA,UNST,OMAHA,ORL,UNST,ORLANDO,212944,1936
ATL,UNST,ATLANTA,GPT,UNST,GULFPORT/BILOXI,212940,566
IOM,UNKG,ISLE OF MAN,LPL,UNKG,LIVERPOOL,212865,143
LBA,UNKG,LEEDS,LON,UNKG,LONDON **,212823,291
BOG,COLM,BOGOTA,NYC,UNST,NEW YORK **,212800,4006
HOU,UNST,HOUSTON **,YTO,CAND,TORONTO,212743,2086
PAR,FRAN,PARIS **,PUS,KORR,PUSAN,212591,9297
ATL,UNST,ATLANTA,SDF,UNST,LOUISVILLE,212516,517
LYS,FRAN,LYON **,NTE,FRAN,NANTES,212368,524
CPH,DENM,COPENHAGEN **,VIE,AUST,VIENNA,212067,873
PHX,UNST,PHOENIX,RDU,UNST,RALEIGH/DURHAM,211984,3037
RDU,UNST,RALEIGH/DURHAM,SFO,UNST,SAN FRANCISCO,211744,3852
HNL,UNST,HONOLULU,MNL,PHIL,MANILA,211725,8514
AGP,SPAN,MALAGA,MLN,SPAN,MELILLA,211549,207
ABQ,UNST,ALBUQUERQUE,SEA,UNST,SEATTLE,211436,1895
AMS,NETH,AMSTERDAM,WAW,POLD,WARSAW,211392,1099
LEJ,GERF,LEIPZIG,PMI,SPAN,PALMA DE MALLORCA,211187,1515
AMS,NETH,AMSTERDAM,CAI,EGYP,CAIRO,210952,3283
NYC,UNST,NEW YORK **,OAK,UNST,OAKLAND,210738,4113
CPH,DENM,COPENHAGEN **,NYC,UNST,NEW YORK **,210386,6187
BRU,BELG,BRUSSELS,DUB,IRLD,DUBLIN,210360,783
HEL,FINL,HELSINKI,JYV,FINL,JYVASKYLA,210078,235
JAX,UNST,JACKSONVILLE,TPA,UNST,"TAMPA, FL **",210042,286
BOS,UNST,BOSTON,JAX,UNST,JACKSONVILLE,209810,1630
HOU,UNST,HOUSTON **,MOY,COLM,MONTERRER,209588,3620
BWI,UNST,BALTIMORE,MSP,UNST,MINNEAPOLIS,209376,1504
GOA,ITAL,GENOA,LON,UNKG,LONDON **,209204,1048
SDF,UNST,LOUISVILLE,TPA,UNST,"TAMPA, FL **",209186,1173
ATH,GREC,ATHENS,KGS,GREC,KOS,208216,322
HOU,UNST,HOUSTON **,SAL,ELSA,SAN SALVADOR,208177,1883
AMS,NETH,AMSTERDAM,YVR,CAND,VANCOUVER,208028,7702
CMH,UNST,"COLUMBUS, OH **",HOU,UNST,HOUSTON **,207922,1611
PAR,FRAN,PARIS **,SDQ,DOMR,SANTO DOMINGO,207806,7167
BNA,UNST,NASHVILLE,JAX,UNST,JACKSONVILLE,207760,789
PAR,FRAN,PARIS **,SEL,KORR,SEOUL **,207535,8961
BRU,BELG,BRUSSELS,WAS,UNST,WASHINGTON **,207477,6233
IST,TURK,ISTANBUL,VIE,AUST,VIENNA,207434,1254
ABQ,UNST,ALBUQUERQUE,BWI,UNST,BALTIMORE,207410,2679
IND,UNST,INDIANAPOLIS,MSP,UNST,MINNEAPOLIS,207306,808
KUL,MALB,KUALA LUMPUR,MEL,ASTL,MELBOURNE **,206916,6351
AUS,UNST,AUSTIN,ORL,UNST,ORLANDO,206890,1593
HFD,UNST,HARTFORD SPRINGFIELDS,SFO,UNST,SAN FRANCISCO,206884,4212
HEL,FINL,HELSINKI,VAA,FINL,VAASA,206789,347
BFS,UNKG,BELFAST **,MAN,UNKG,MANCHESTER,206730,279
CMB,SRIL,COLOMBO,LON,UNKG,LONDON **,206695,8734
SEA,UNST,SEATTLE,TPA,UNST,"TAMPA, FL **",206614,4048
FRA,GERF,FRANKFURT,SHA,CHIN,SHANGHAI **,206490,8818
SJU,PURI,SAN JUAN,SXM,NETS,PHILIPSBURG (ST MAARTEN),206231,308
AMS,NETH,AMSTERDAM,YMQ,CAND,MONTREAL **,206226,5486
BOS,UNST,BOSTON,IND,UNST,INDIANAPOLIS,206186,1312
DEN,UNST,DENVER,RDU,UNST,RALEIGH/DURHAM,205908,2323
BCN,SPAN,BARCELONA,SCQ,SPAN,SANTIAGO DE COMPOSTELA,205532,893
KGS,GREC,KOS,LON,UNKG,LONDON **,205436,2724
AUS,UNST,AUSTIN,LBB,UNST,LUBBOCK,205182,540
BRU,BELG,BRUSSELS,PMI,SPAN,PALMA DE MALLORCA,205133,1269
ATL,UNST,ATLANTA,NAS,BAHM,NASSAU,204688,1169
DEN,UNST,DENVER,SAT,UNST,SAN ANTONIO,204576,1279
DUS,GERF,DUSSELDORF,MIR,TUNS,MONASTIR,204527,1755
LIS,PORT,LISBON,SAO,BRAZ,SAO PAULO **,204302,7938
ATL,UNST,ATLANTA,MBJ,JAMC,MONTEGO BAY,204073,1804
DEN,UNST,DENVER,LON,UNKG,LONDON **,203969,7503
BNA,UNST,NASHVILLE,PHL,UNST,PHILADELPHIA,203698,1085
ABJ,IVOR,ABIDJAN,PAR,FRAN,PARIS **,203621,4869
CMH,UNST,"COLUMBUS, OH **",PHL,UNST,PHILADELPHIA,203570,652
CHI,UNST,CHICAGO **,YYC,CAND,CALGARY,203321,2248
SEA,UNST,SEATTLE,TUS,UNST,TUCSON,203274,1955
CAE,UNST,"COLOMBIA, SC",NYC,UNST,NEW YORK **,203206,983
LON,UNKG,LONDON **,OPO,PORT,PORTO,203190,1276
DXB,UNAR,DUBAI,SIN,SING,SINGAPORE **,202920,5845
ORL,UNST,ORLANDO,SAT,UNST,SAN ANTONIO,202780,1665
ATH,GREC,ATHENS,KVA,GREC,KAVALA,202527,345
HNL,UNST,HONOLULU,PUS,KORR,PUSAN,202195,7150
FUK,JAPN,FUKUOKA,PUS,KORR,PUSAN,202192,213
BWI,UNST,BALTIMORE,SMF,UNST,SACRAMENTO,202076,3841
ISP,UNST,LONG ISLAND MACARTHUR,PBI,UNST,PALM BEACH,202012,1695
MOW,RUSF,MOSCOU **,NYC,UNST,NEW YORK **,201793,7504
CHI,UNST,CHICAGO **,DSM,UNST,DES MOINES,201666,500
DPS,INDO,DENPASAR (BALI),SYD,ASTL,SYDNEY,201471,4617
MUC,GERF,MUNICH,SKG,GREC,THESSALONIKI,201341,1230
KLR,SWED,KALMAR,STO,SWED,STOCKHOLM **,201261,312
HNL,UNST,HONOLULU,SEL,KORR,SEOUL **,201164,7314
CPH,DENM,COPENHAGEN **,MAD,SPAN,MADRID **,200783,2059
PIT,UNST,PITTSBURGH,YTO,CAND,TORONTO,200653,359
CAI,EGYP,CAIRO,DXB,UNAR,DUBAI,200506,2412
LON,UNKG,LONDON **,MIR,TUNS,MONASTIR,200376,1958
SIN,SING,SINGAPORE **,XMN,CHIN,XIAMEN,200196,2984
BTV,UNST,BURLINGTON,NYC,UNST,NEW YORK **,200056,419
AGP,SPAN,MALAGA,PAR,FRAN,PARIS **,199980,1452
MEX,MEXC,MEXICO CITY,SFO,UNST,SAN FRANCISCO,199827,3026
AKL,NEWZ,AUCKLAND,LON,UNKG,LONDON **,199826,18377
DAY,UNST,DAYTON,DAL,UNST,DALLAS **,199812,1380
FRA,GERF,FRANKFURT,YVR,CAND,VANCOUVER,199787,8057
HOU,UNST,HOUSTON **,SNA,UNST,ORANGE COUNT,199734,2176
OMA,UNST,OMAHA,WAS,UNST,WASHINGTON **,199574,1606
HEL,FINL,HELSINKI,ZRH,SWTZ,ZURICH,199505,1778
PUS,KORR,PUSAN,SGN,VTND,HO CHI MINH CITY,199143,3532
FRA,GERF,FRANKFURT,TCI,SPNA,TENERIFE **,199075,3211
BCN,SPAN,BARCELONA,MOW,RUSF,MOSCOU **,199007,3010
HOU,UNST,HOUSTON **,SJO,COST,SAN JOSE,198980,2480
NCL,UNKG,NEWCASTLE,PMI,SPAN,PALMA DE MALLORCA,198970,1752
HKG,HONG,HONG KONG,CHI,UNST,CHICAGO **,198779,12502
LAS,UNST,LAS VEGAS,PVD,UNST,PROVIDENCE,198728,3792
HOU,UNST,HOUSTON **,PIT,UNST,PITTSBURGH,198486,1819
BKK,THAI,BANGKOK,KTM,NEPL,KATMANDU,198381,2200
BWI,UNST,BALTIMORE,CLT,UNST,CHARLOTTE,198202,579
FRA,GERF,FRANKFURT,HRG,EGYP,HURGHAD,198098,3323
JED,SAUD,JEDDAH,JKT,INDO,JAKARTA **,198000,7976
AMS,NETH,AMSTERDAM,PMI,SPAN,PALMA DE MALLORCA,197966,1427
AUS,UNST,AUSTIN,SAN,UNST,SAN DIEGO,197864,1863
CPH,DENM,COPENHAGEN **,DUS,GERF,DUSSELDORF,197827,619
HFD,UNST,HARTFORD SPRINGFIELDS,PHL,UNST,PHILADELPHIA,197784,313
PUS,KORR,PUSAN,YVR,CAND,VANCOUVER,197697,8237
DAY,UNST,DAYTON,NYC,UNST,NEW YORK **,197544,872
CHI,UNST,CHICAGO **,MYR,UNST,MYRTLE BEACH,197518,1183
FUE,SPNA,PUERTO DEL ROSARIO,LON,UNKG,LONDON **,197477,2757
DAY,UNST,DAYTON,WAS,UNST,WASHINGTON **,197028,610
MIR,TUNS,MONASTIR,PAR,FRAN,PARIS **,197015,1596
CHI,UNST,CHICAGO **,SRQ,UNST,SARASOTA,197014,1673
JED,SAUD,JEDDAH,YNB,SAUD,YANBU,197000,310
LPL,UNKG,LIVERPOOL,LTN,UNKG,LUTON,196841,235
BKK,THAI,BANGKOK,LAX,UNST,LOS ANGELES **,196791,13273
HER,GREC,IRAKLION,MAN,UNKG,MANCHESTER,196759,2927
LON,UNKG,LONDON **,ZTH,GREC,ZAKINTHOS,196709,2273
CHI,UNST,CHICAGO **,RIC,UNST,RICHMOND,196570,1006
RNO,UNST,RENO,SFO,UNST,SAN FRANCISCO,196316,309
DUS,GERF,DUSSELDORF,FAO,PORT,FARO,196177,1964
BKK,THAI,BANGKOK,MEL,ASTL,MELBOURNE **,196090,7365
MNL,PHIL,MANILA,RUH,SAUD,RIYADH,196000,7775
BOS,UNST,BOSTON,ZRH,SWTZ,ZURICH,195678,6006
BHM,UNST,BIRMINGHAM,SFO,UNST,SAN FRANCISCO,195382,3232
AUA,NETS,ARUBA /ORANJESTAD,NYC,UNST,NEW YORK **,195367,3163
MAN,UNKG,MANCHESTER,ZTH,GREC,ZAKINTHOS,195331,2482
AMS,NETH,AMSTERDAM,DEL,INDA,DELHI,195293,6359